/*******************************************************************************
 * Size: 18 px
 * Bpp: 4
 * Opts: --size 18 --bpp 4 --format lvgl --lv-include lvgl.h --lv-font-name ui_font_zh_18 -o main/ui_font_zh_18.c --font managed_components/lvgl__lvgl/tests/src/test_files/fonts/noto/NotoSansSC-Regular.ttf -r 0x20-0x7F --symbols 、不个中主亮从件作保信修储像克关内分务动勿匹卸原取可同否含启回在场型处备失存安完屏已应度开待息成打拒择按接插收改断无是暂服未权核正步消清牙理用电留知码确秒程等类系素绝统继续网置者能自蓝装认设证试误请败载近返远连选通配重野量钟错键长闪闭限除音页频题风验麦，： --font managed_components/lvgl__lvgl/scripts/built_in_font/FontAwesome5-Solid+Brands+Regular.woff -r 0xF011,0xF013,0xF019,0xF028,0xF043,0xF06E,0xF077-0xF078,0xF0F3,0xF15B,0xF240-0xF244,0xF287
 ******************************************************************************/

#ifdef LV_LVGL_H_INCLUDE_SIMPLE
#include "lvgl.h"
#else
#include "lvgl.h"
#endif

#ifndef UI_FONT_ZH_18
#define UI_FONT_ZH_18 1
#endif

#if UI_FONT_ZH_18

/*-----------------
 *    BITMAPS
 *----------------*/

/*Store the image of the glyphs*/
static LV_ATTRIBUTE_LARGE_CONST const uint8_t glyph_bitmap[] = {
    /* U+0020 " " */

    /* U+0021 "!" */
    0xe, 0xb0, 0xf, 0x84, 0x0, 0x60, 0x18, 0xc0,
    0x2, 0x1, 0x84, 0x0, 0xe0, 0x1b, 0xc0, 0x1c,
    0x80, 0x3, 0x70, 0x39, 0xb0, 0x21, 0x30,

    /* U+0022 "\"" */
    0x5f, 0x50, 0xde, 0x0, 0xe3, 0x10, 0x10, 0x61,
    0x60, 0x60, 0x16, 0x30, 0x30, 0x23, 0x1d, 0x10,
    0x98,

    /* U+0023 "#" */
    0x0, 0xa9, 0x80, 0x1c, 0x40, 0x19, 0xc8, 0x4,
    0x44, 0x1, 0x89, 0x40, 0x88, 0x1, 0x77, 0x87,
    0x7e, 0x17, 0xb0, 0x7d, 0x16, 0xe9, 0xd7, 0x58,
    0x4, 0x62, 0x20, 0x91, 0x0, 0x22, 0x60, 0x1,
    0xf0, 0x6, 0x13, 0x0, 0x31, 0x80, 0x13, 0xe1,
    0xbf, 0xc7, 0x5e, 0x9, 0xa7, 0x1b, 0xa0, 0xcd,
    0x0, 0x11, 0x10, 0x80, 0x6, 0x40, 0x10, 0x90,
    0x31, 0x0, 0x62, 0x1, 0x2, 0x60, 0x8,

    /* U+0024 "$" */
    0x0, 0xa2, 0x80, 0x3f, 0xf8, 0x3, 0x4e, 0xb8,
    0x80, 0xc, 0x48, 0x96, 0xb4, 0x52, 0xb7, 0x6a,
    0xc4, 0x30, 0x60, 0x8, 0xc1, 0x42, 0x40, 0x38,
    0xe1, 0x75, 0x40, 0x33, 0xe0, 0xd6, 0x18, 0x4,
    0x79, 0x65, 0x84, 0x1, 0x93, 0x2, 0x0, 0x38,
    0x88, 0xc8, 0x60, 0x18, 0x9b, 0xf2, 0x99, 0x9a,
    0x13, 0x72, 0xd3, 0x26, 0xc3, 0x6, 0xc7, 0x5b,
    0x30, 0xf, 0xe0,

    /* U+0025 "%" */
    0x1, 0xbf, 0xe5, 0x0, 0xee, 0x30, 0xd, 0xa3,
    0xd7, 0x44, 0x1, 0x3a, 0x18, 0x4, 0x47, 0x62,
    0xa9, 0x40, 0x1, 0x9b, 0x0, 0xcc, 0x2, 0x0,
    0x22, 0x0, 0x21, 0x84, 0x3, 0xff, 0x80, 0x4f,
    0x0, 0x1c, 0xa0, 0x40, 0x5, 0x20, 0x98, 0x8,
    0xdd, 0x30, 0xa, 0x40, 0x29, 0xd2, 0x33, 0x21,
    0x7a, 0x64, 0x81, 0x43, 0xf1, 0x45, 0x32, 0x6,
    0x83, 0x47, 0xf0, 0x1b, 0xfd, 0x56, 0x62, 0x8,
    0x9c, 0x1, 0xac, 0x1, 0xe8, 0x90, 0xf, 0xfe,
    0xc, 0x39, 0x0, 0x89, 0xc0, 0x1a, 0xc0, 0x18,
    0x9a, 0x0, 0x26, 0x91, 0x36, 0xe0, 0xd, 0x12,
    0x20, 0x14, 0x37, 0x6c, 0xa8,

    /* U+0026 "&" */
    0x0, 0x97, 0x7f, 0xc, 0x3, 0xc7, 0x4b, 0x8f,
    0xc0, 0x1e, 0xa2, 0x83, 0xe2, 0x0, 0xf0, 0x80,
    0x5e, 0x60, 0x1e, 0xd2, 0x24, 0xa7, 0x0, 0x79,
    0x47, 0x53, 0x8, 0x3, 0xd0, 0x21, 0x24, 0x1,
    0x74, 0x84, 0xbd, 0xa5, 0x10, 0x1, 0x46, 0x89,
    0xa1, 0x2c, 0xfc, 0x42, 0x4c, 0xce, 0x6, 0x0,
    0xc0, 0xf9, 0x3f, 0x6, 0xd, 0x0, 0xe, 0x3,
    0x21, 0x81, 0xa3, 0x52, 0xb6, 0x8a, 0x23, 0x58,
    0x2d, 0xdd, 0x50, 0xf9, 0x7a, 0xf8,

    /* U+0027 "'" */
    0x5f, 0x50, 0x8, 0x40, 0x58, 0x18, 0xc0, 0xc7,
    0x44,

    /* U+0028 "(" */
    0x0, 0x9c, 0x40, 0xb, 0x22, 0x0, 0x89, 0x0,
    0x21, 0x30, 0x3, 0x50, 0x40, 0xf, 0x80, 0x1,
    0x11, 0x80, 0x8, 0x18, 0x0, 0xc0, 0x60, 0x18,
    0x40, 0x2, 0x2, 0x0, 0x70, 0x30, 0x1, 0x3,
    0x0, 0x4, 0xb0, 0x2, 0x44, 0x0, 0x54, 0x62,
    0x0, 0x33, 0x48, 0x5, 0xc, 0x20, 0x4, 0xb1,

    /* U+0029 ")" */
    0x8, 0x0, 0xca, 0xe0, 0x14, 0x48, 0x4, 0xa0,
    0xa0, 0x12, 0x70, 0x5, 0xe8, 0x1, 0x38, 0x10,
    0x0, 0x81, 0xc0, 0x31, 0x80, 0x42, 0x1, 0x84,
    0x3, 0x88, 0x0, 0x60, 0xc0, 0x5, 0x12, 0x0,
    0x62, 0x0, 0x4b, 0xc0, 0x6, 0x24, 0x0, 0x44,
    0x0, 0x2b, 0x50, 0x0,

    /* U+002A "*" */
    0x0, 0x2d, 0x80, 0x44, 0x26, 0xe0, 0x61, 0x5d,
    0x27, 0xfc, 0x31, 0x80, 0x7, 0xd1, 0xb, 0x27,
    0x60, 0x8, 0x7e, 0x18, 0x80,

    /* U+002B "+" */
    0x0, 0xff, 0xe1, 0x55, 0x0, 0x3f, 0xfa, 0xcb,
    0xff, 0x2a, 0xbf, 0xe5, 0x4c, 0xc9, 0x11, 0x99,
    0x20, 0x99, 0xc2, 0x23, 0x38, 0x40, 0x3f, 0xf9,
    0x0,

    /* U+002C "," */
    0x0, 0x20, 0x2, 0x2e, 0xc1, 0xc0, 0x80, 0xd4,
    0x20, 0x9, 0x90, 0x6b, 0x38, 0x7d, 0x0,

    /* U+002D "-" */
    0x0, 0xf1, 0x7f, 0xe7, 0x2c, 0xcc, 0xc0,

    /* U+002E "." */
    0x17, 0x1b, 0x8b, 0xc0, 0xc0,

    /* U+002F "/" */
    0x0, 0xe9, 0xa0, 0xe, 0x4f, 0x0, 0xc4, 0x45,
    0x0, 0xca, 0x80, 0x1d, 0x7a, 0x1, 0x84, 0xdc,
    0x3, 0x39, 0x88, 0x6, 0xdb, 0x0, 0xe4, 0x50,
    0xc, 0xa4, 0x40, 0xd, 0xea, 0x1, 0xc9, 0x60,
    0x19, 0x0, 0xc0, 0x36, 0xa0, 0x7, 0x27, 0x80,
    0x62, 0x22, 0x80, 0x65, 0x40, 0xe, 0x28, 0x0,
    0xe0,

    /* U+0030 "0" */
    0x0, 0xd, 0x7f, 0xa8, 0x40, 0x36, 0x24, 0xc9,
    0x30, 0x2, 0x72, 0xd6, 0x66, 0x93, 0x80, 0x2c,
    0x8c, 0x0, 0x66, 0xb0, 0x1, 0xa0, 0x6, 0x53,
    0x0, 0x84, 0x3, 0x8, 0x8, 0x83, 0xc0, 0x37,
    0x80, 0x4, 0x3c, 0x3, 0x78, 0x6, 0x10, 0xc,
    0x20, 0x20, 0x68, 0x1, 0x90, 0xc0, 0x14, 0x46,
    0x0, 0x32, 0xa0, 0x3, 0x16, 0xb3, 0x34, 0x98,
    0x2, 0xc4, 0x99, 0x26, 0x0, 0x0,

    /* U+0031 "1" */
    0x2, 0x6c, 0xf2, 0x0, 0xba, 0x4c, 0x3, 0xb3,
    0xe0, 0x3, 0xff, 0xf0, 0x4a, 0xad, 0x5, 0x52,
    0x22, 0xa8, 0xa1, 0x15, 0x20,

    /* U+0032 "2" */
    0x0, 0x47, 0x7f, 0x48, 0x80, 0x58, 0xd3, 0x4c,
    0xcd, 0x0, 0x93, 0xdd, 0x62, 0x6, 0x80, 0x8,
    0x10, 0x9, 0x0, 0x80, 0x3f, 0xf8, 0xb6, 0x8,
    0x1, 0xe1, 0x65, 0x20, 0xf, 0x58, 0xc0, 0x7,
    0x9d, 0x68, 0x80, 0x39, 0xe2, 0xa, 0x1, 0xcf,
    0xe, 0xe0, 0xe, 0x98, 0x3d, 0x55, 0xc0, 0x6c,
    0x7, 0x55, 0xc2,

    /* U+0033 "3" */
    0x0, 0x3e, 0xff, 0xac, 0xc0, 0x17, 0x2b, 0x50,
    0xb8, 0x41, 0x5d, 0xa, 0xf4, 0xa, 0x2, 0x1,
    0xe1, 0x0, 0xc2, 0xb4, 0x6c, 0x1, 0x67, 0x52,
    0xe0, 0x6, 0xeb, 0x74, 0xc1, 0x0, 0x89, 0x23,
    0x4e, 0x0, 0x3c, 0x46, 0xe0, 0x1f, 0x38, 0x8a,
    0xc4, 0x2, 0x24, 0x41, 0x2f, 0xc3, 0x3e, 0x4,
    0x1f, 0xbb, 0x4c, 0x93, 0x4c,

    /* U+0034 "4" */
    0x0, 0xe7, 0xfa, 0x0, 0xf1, 0xc0, 0x7, 0xee,
    0x42, 0x0, 0xf4, 0x14, 0x80, 0x78, 0xde, 0x8,
    0xc0, 0x3b, 0x8d, 0xc0, 0x3d, 0x5, 0xc0, 0x1e,
    0x37, 0x93, 0x11, 0x0, 0x88, 0x24, 0x27, 0xba,
    0x14, 0xe7, 0x8b, 0xbe, 0x13, 0xb6, 0x24, 0x4e,
    0x6, 0x41, 0x0, 0xff, 0xe4, 0x0,

    /* U+0035 "5" */
    0x0, 0x7f, 0xf9, 0x80, 0x4, 0xb, 0x33, 0x90,
    0x0, 0x21, 0xcc, 0xd8, 0x80, 0xe, 0xe, 0x1,
    0xf1, 0x4, 0x7f, 0xb1, 0x0, 0x22, 0x26, 0xe5,
    0xd, 0xa0, 0x1, 0x35, 0x8d, 0x70, 0x20, 0x3,
    0xe1, 0x43, 0x0, 0xfc, 0x20, 0x1f, 0xcc, 0x20,
    0x32, 0x1, 0x90, 0xdc, 0x9, 0xfa, 0x1a, 0x2c,
    0xa0, 0xf, 0xdd, 0xa5, 0x99, 0x82, 0x0,

    /* U+0036 "6" */
    0x0, 0x26, 0x7f, 0xa8, 0x80, 0xf, 0x6f, 0x32,
    0x79, 0x2, 0x86, 0xb6, 0x66, 0xd8, 0x50, 0x40,
    0x7, 0x90, 0xc4, 0x3, 0xc4, 0xc9, 0xbf, 0xd0,
    0x0, 0x14, 0x98, 0xc6, 0x79, 0x0, 0x1e, 0xa9,
    0xc3, 0x30, 0x9, 0xc0, 0x37, 0x81, 0xba, 0x0,
    0x78, 0x78, 0x54, 0x2, 0xd1, 0x24, 0x5a, 0x75,
    0xa4, 0x80, 0x5, 0x44, 0xd3, 0xd3, 0x0,

    /* U+0037 "7" */
    0x2f, 0xff, 0xc4, 0x49, 0x9f, 0x2, 0x10, 0x33,
    0x70, 0x85, 0x0, 0x78, 0x62, 0x44, 0x3, 0xd0,
    0x2c, 0x1, 0xf3, 0x48, 0x7, 0xcc, 0xa, 0x1,
    0xf6, 0x9, 0x0, 0x7c, 0x8a, 0x1, 0xf0, 0x88,
    0xc0, 0x3e, 0x20, 0xe0, 0xf, 0x98, 0xc, 0x3,
    0xe3, 0x1, 0x0, 0xc0,

    /* U+0038 "8" */
    0x0, 0x15, 0xff, 0xb1, 0x0, 0x21, 0xc7, 0xbb,
    0x3d, 0x98, 0x1, 0x87, 0x51, 0x16, 0x34, 0x0,
    0xf0, 0x10, 0x9, 0x4c, 0x1, 0x60, 0xa0, 0x12,
    0xe0, 0x0, 0xe2, 0x9c, 0x18, 0x98, 0x2, 0x21,
    0xbf, 0x98, 0x0, 0x9a, 0xb3, 0x23, 0xb5, 0x0,
    0x44, 0x8, 0xf, 0xe, 0xc0, 0x84, 0xc0, 0x35,
    0x9, 0x10, 0x34, 0x3, 0x78, 0x10, 0x3b, 0x4a,
    0x22, 0x59, 0xc0, 0x11, 0x4b, 0x76, 0x49, 0x80,

    /* U+0039 "9" */
    0x0, 0x2e, 0xff, 0x40, 0x6, 0x5a, 0x7b, 0x97,
    0xb0, 0xa, 0xd2, 0x91, 0xed, 0x14, 0x8, 0x74,
    0x2, 0x42, 0xe0, 0x10, 0x30, 0xc, 0xea, 0x4,
    0x18, 0x1, 0x98, 0x40, 0x55, 0x94, 0xa, 0xcc,
    0x2, 0xb4, 0xaf, 0xdc, 0x61, 0x0, 0xd, 0xf6,
    0xfb, 0xa9, 0x0, 0x61, 0x20, 0x13, 0x40, 0xf,
    0xa0, 0x28, 0x1, 0x5a, 0xed, 0x6d, 0x24, 0x0,
    0x87, 0x89, 0x7a, 0x60, 0x0,

    /* U+003A ":" */
    0x6f, 0x6c, 0xc, 0xb8, 0xb1, 0x71, 0x0, 0xfe,
    0x17, 0x1b, 0x8b, 0xc0, 0xc0,

    /* U+003B ";" */
    0x6, 0xf6, 0xc, 0xc, 0xb, 0x8b, 0x1, 0x71,
    0x0, 0xff, 0xe1, 0x20, 0x2, 0x2e, 0xc1, 0xc0,
    0x80, 0xd4, 0x20, 0x9, 0x90, 0x6b, 0x38, 0x7d,
    0x0,

    /* U+003C "<" */
    0x0, 0xfc, 0xa6, 0x1, 0xc5, 0x3f, 0x4e, 0x1,
    0x36, 0x6a, 0xcf, 0x20, 0xcf, 0xc2, 0x6e, 0x30,
    0x82, 0x31, 0x6c, 0x10, 0x6, 0x5b, 0x6c, 0xd7,
    0x10, 0xc, 0x97, 0xd5, 0x4e, 0xb5, 0x0, 0xc2,
    0xfb, 0x63, 0x4a, 0x1, 0xe4, 0xae, 0x40,

    /* U+003D "=" */
    0x5f, 0xff, 0xca, 0x99, 0x9f, 0x90, 0x4c, 0xff,
    0x8, 0x7, 0xf9, 0x7f, 0xff, 0x2a, 0x66, 0x7e,
    0x40,

    /* U+003E ">" */
    0x35, 0x0, 0xfe, 0xaf, 0x93, 0x0, 0xe3, 0xf9,
    0x5c, 0xc3, 0x0, 0x73, 0x66, 0xa4, 0x7c, 0x88,
    0x6, 0x28, 0xd2, 0x64, 0x0, 0x85, 0xf7, 0x1a,
    0xd4, 0x16, 0xfa, 0xa9, 0xd6, 0x80, 0xb4, 0x37,
    0xae, 0x20, 0x12, 0x75, 0x20, 0x7, 0x80,

    /* U+003F "?" */
    0x1, 0xae, 0xfd, 0x50, 0x7, 0xb4, 0x48, 0x51,
    0x86, 0x61, 0x99, 0xe1, 0x60, 0x40, 0x11, 0x80,
    0x7d, 0x21, 0x40, 0x19, 0x5e, 0x88, 0x2, 0x3a,
    0x85, 0x0, 0xd2, 0x4e, 0x1, 0xcc, 0x80, 0x1e,
    0xc9, 0x0, 0xf2, 0xa8, 0x3, 0x8a, 0xa8, 0x40,
    0x18, 0x8b, 0x0, 0x0,

    /* U+0040 "@" */
    0x0, 0xc2, 0xf9, 0xfe, 0xeb, 0x50, 0xf, 0x37,
    0x64, 0xef, 0x6e, 0x5d, 0x84, 0x2, 0x89, 0xbb,
    0x29, 0x9, 0xbf, 0xbd, 0x0, 0x15, 0xf1, 0x0,
    0x3c, 0x3a, 0xaa, 0xb, 0x93, 0x1, 0xae, 0xd7,
    0xb0, 0x16, 0xe6, 0x6, 0x0, 0x6b, 0x6c, 0x40,
    0xc0, 0x18, 0xba, 0xc0, 0x6, 0x2d, 0x35, 0x1e,
    0x0, 0x30, 0xae, 0x80, 0x29, 0x84, 0x0, 0x2a,
    0x0, 0x10, 0x16, 0x0, 0x1e, 0x80, 0xc, 0xc,
    0x0, 0xa6, 0xe, 0x1, 0xe5, 0x10, 0xa, 0xac,
    0x88, 0x0, 0x3e, 0x3, 0xa1, 0x20, 0x91, 0x74,
    0xc0, 0x7, 0x2f, 0xfb, 0x9b, 0x7c, 0xb0, 0x29,
    0x4c, 0xb, 0xb9, 0x85, 0x3d, 0xcb, 0x10, 0x36,
    0xd2, 0x0, 0x8, 0x4, 0x22, 0x0, 0xd2, 0x9b,
    0x4, 0x0, 0x16, 0x80, 0xf, 0x55, 0x9e, 0xff,
    0xba, 0xb4, 0x3, 0xe4, 0xbf, 0xee, 0x7e, 0x28,
    0x6,

    /* U+0041 "A" */
    0x0, 0xd5, 0xf2, 0x1, 0xf9, 0x49, 0xc0, 0x3e,
    0x50, 0x91, 0x40, 0xf, 0x79, 0xa0, 0xe8, 0x7,
    0x96, 0xc1, 0xdc, 0x1, 0xca, 0xa, 0x1a, 0x28,
    0x1, 0xb8, 0x88, 0x8, 0x1c, 0x1, 0xa, 0x20,
    0x46, 0x55, 0x0, 0x4e, 0xd, 0xdd, 0x28, 0x28,
    0x3, 0x46, 0xef, 0x83, 0xc0, 0x51, 0x91, 0x3c,
    0xa0, 0xe1, 0x60, 0x1d, 0xc0, 0xb4, 0x26, 0x1,
    0xc8, 0x1c,

    /* U+0042 "B" */
    0x3f, 0xfe, 0xd8, 0x10, 0xc, 0xb5, 0x49, 0x47,
    0xc0, 0xd, 0xaa, 0xa6, 0x97, 0x23, 0x0, 0xfd,
    0xe0, 0x20, 0x1e, 0x15, 0x94, 0x20, 0xa, 0x3f,
    0xdd, 0x45, 0x40, 0x19, 0xb3, 0x17, 0x5, 0xe4,
    0x1, 0x71, 0x99, 0x1f, 0xc3, 0x80, 0x3f, 0xa,
    0x18, 0x7, 0xf0, 0x80, 0x7f, 0x12, 0x20, 0x2,
    0xd5, 0x53, 0x4e, 0x8c, 0x80, 0x4b, 0x54, 0x94,
    0x6f, 0x20,

    /* U+0043 "C" */
    0x0, 0xa3, 0x7f, 0xd6, 0x60, 0x2, 0xe7, 0x68,
    0x76, 0xc4, 0xf, 0x1b, 0xb3, 0xc6, 0xca, 0x31,
    0x42, 0x0, 0x66, 0xd, 0x7, 0x0, 0xf9, 0x48,
    0x3, 0xf0, 0x88, 0x3, 0xf0, 0x88, 0x3, 0xf2,
    0x90, 0x7, 0xed, 0x7, 0x0, 0xf9, 0x8a, 0xc,
    0x3, 0x3a, 0x7, 0x8e, 0x53, 0xc6, 0xc1, 0x81,
    0x7b, 0xba, 0x1d, 0xad, 0xc0,

    /* U+0044 "D" */
    0x3f, 0xfd, 0xd4, 0x60, 0x1c, 0xb5, 0x2c, 0x99,
    0x0, 0x1b, 0x55, 0xa3, 0x91, 0xd4, 0x3, 0xf5,
    0x4, 0x0, 0x7e, 0x15, 0x22, 0x0, 0x7e, 0xd0,
    0x60, 0xf, 0xc2, 0x2, 0x1, 0xf8, 0x40, 0x40,
    0x3f, 0x68, 0x28, 0x7, 0xc2, 0xa4, 0x20, 0x1f,
    0x50, 0x40, 0x5, 0xaa, 0xd3, 0xc9, 0xa, 0x1,
    0x2d, 0x4b, 0xa6, 0x38, 0x0,

    /* U+0045 "E" */
    0x3f, 0xff, 0x98, 0x0, 0xb3, 0x3c, 0x80, 0xd,
    0x66, 0xe2, 0x0, 0xff, 0xbc, 0x47, 0x0, 0x67,
    0xee, 0xce, 0x1, 0x2d, 0xde, 0x50, 0xb, 0x51,
    0x31, 0x0, 0x7f, 0xf4, 0xb1, 0x9b, 0x90, 0x0,
    0x93, 0x3d, 0xa0,

    /* U+0046 "F" */
    0x3f, 0xff, 0x98, 0x0, 0xb3, 0x3c, 0x80, 0xd,
    0x66, 0xe2, 0x0, 0xff, 0xe4, 0x78, 0x8e, 0x0,
    0xcf, 0xdd, 0xa0, 0x2, 0x6b, 0xbd, 0x40, 0x17,
    0x22, 0x62, 0x0, 0xff, 0xec, 0x80,

    /* U+0047 "G" */
    0x0, 0x9f, 0x3f, 0xda, 0xc0, 0x10, 0xec, 0x3,
    0xc3, 0xcc, 0x80, 0x18, 0x55, 0x90, 0xf5, 0x96,
    0xc, 0x50, 0xa0, 0x18, 0xc8, 0x34, 0x1c, 0x3,
    0xf2, 0x90, 0x6, 0x11, 0xc0, 0x22, 0x0, 0x93,
    0xbb, 0x8, 0xc0, 0x12, 0xdd, 0x98, 0x0, 0xa4,
    0x1, 0xa, 0x23, 0x80, 0x1a, 0xe, 0x1, 0xf9,
    0x8a, 0x10, 0x3, 0xf7, 0x8d, 0xda, 0x1e, 0xe0,
    0x44, 0x5, 0xee, 0xcf, 0xc, 0xfc, 0x0,

    /* U+0048 "H" */
    0x3f, 0x70, 0xe, 0x6f, 0x40, 0xf, 0xfe, 0xbf,
    0x91, 0x70, 0x80, 0x67, 0xdd, 0xe8, 0x0, 0xcb,
    0x55, 0xcc, 0x1, 0xb5, 0x57, 0xbc, 0x3, 0xff,
    0xda,

    /* U+0049 "I" */
    0x3f, 0x70, 0xf, 0xfe, 0xc0,

    /* U+004A "J" */
    0x0, 0xf6, 0x70, 0x7, 0xff, 0xe8, 0x40, 0x68,
    0x80, 0x2, 0x4a, 0x9, 0x90, 0xf8, 0x1e, 0x3e,
    0x8d, 0x1, 0x48,

    /* U+004B "K" */
    0x3f, 0x70, 0xc, 0xdf, 0x0, 0x1f, 0x24, 0xac,
    0x0, 0x78, 0xa8, 0xe8, 0x3, 0xc3, 0xe1, 0xa0,
    0x1f, 0x51, 0x68, 0x80, 0x7a, 0x50, 0x4, 0x3,
    0xd4, 0xcc, 0x9, 0x0, 0xf1, 0x2c, 0xba, 0x20,
    0x3, 0x8e, 0x82, 0x6, 0x40, 0x3a, 0xc0, 0x2b,
    0x27, 0x0, 0xfc, 0xa7, 0x2, 0x1, 0xfb, 0xc2,
    0xc0, 0x3f, 0x1b, 0x2a, 0x0,

    /* U+004C "L" */
    0x3f, 0x70, 0xf, 0xff, 0xf8, 0x7, 0xff, 0x2f,
    0x19, 0xb8, 0x40, 0x9, 0x33, 0xca,

    /* U+004D "M" */
    0x3f, 0xf0, 0x7, 0x9b, 0xf0, 0x2, 0x50, 0xe,
    0xd0, 0xc, 0x7c, 0x1, 0x85, 0xc, 0x2, 0x44,
    0x8, 0x4, 0xc4, 0xc0, 0x16, 0xb, 0x0, 0x55,
    0x41, 0x0, 0xcd, 0x40, 0x3, 0x26, 0x0, 0xc3,
    0x44, 0x40, 0xb3, 0x17, 0x0, 0xc4, 0x4a, 0x6,
    0xa0, 0xf, 0xa9, 0x8c, 0x58, 0x3, 0xe6, 0x1f,
    0x50, 0xf, 0xc2, 0x87, 0xc0, 0x1f, 0xde, 0xa8,
    0x1, 0xfc, 0x94, 0x1, 0xc0,

    /* U+004E "N" */
    0x3f, 0xc0, 0xe, 0x6f, 0x30, 0x1, 0xb0, 0x7,
    0xf2, 0x40, 0x80, 0x7e, 0xe0, 0x80, 0xf, 0xe9,
    0x62, 0x0, 0xf8, 0xdc, 0xa4, 0x3, 0xfa, 0x11,
    0x40, 0x3f, 0x2a, 0x58, 0x7, 0xf4, 0x8b, 0x98,
    0x7, 0xc4, 0xf0, 0x1, 0xfd, 0x3, 0xc0, 0x1f,
    0xd0, 0x80, 0x1f, 0xcc, 0x60, 0x0,

    /* U+004F "O" */
    0x0, 0xc, 0xf7, 0xf5, 0xa0, 0x6, 0x3f, 0x64,
    0x86, 0x5b, 0x70, 0xb, 0x43, 0x29, 0xe3, 0x92,
    0x10, 0x1c, 0x60, 0xc0, 0x35, 0x4, 0x6, 0x3,
    0x0, 0x70, 0xa9, 0x8a, 0x90, 0x7, 0xda, 0xa,
    0x22, 0x0, 0xf8, 0x40, 0x2, 0x20, 0xf, 0x84,
    0x1d, 0x48, 0x3, 0xed, 0x2, 0xd0, 0x60, 0xe,
    0x15, 0x31, 0x62, 0x93, 0x0, 0xd4, 0x10, 0x0,
    0xe1, 0xca, 0x78, 0xe4, 0x84, 0x0, 0x1f, 0xb2,
    0x43, 0x2d, 0xb8, 0x0,

    /* U+0050 "P" */
    0x3f, 0xfe, 0xd8, 0x10, 0x9, 0x6a, 0x92, 0xee,
    0xc0, 0xb, 0x55, 0x4d, 0x52, 0x4c, 0x1, 0xf2,
    0x7, 0x0, 0x7c, 0xe1, 0xc0, 0xf, 0x11, 0x13,
    0x58, 0xb8, 0x1, 0xfb, 0x9b, 0x2b, 0x82, 0x0,
    0x6b, 0xb6, 0x75, 0x90, 0x5, 0xc8, 0x83, 0x10,
    0xf, 0xfe, 0xf8,

    /* U+0051 "Q" */
    0x0, 0xc, 0xf7, 0xf5, 0xa0, 0x6, 0x3f, 0x64,
    0x86, 0x5b, 0x70, 0xb, 0x43, 0x29, 0xe3, 0x92,
    0x10, 0x1c, 0x60, 0xc0, 0x35, 0x4, 0x6, 0x3,
    0x0, 0x70, 0xa9, 0x8a, 0x90, 0x7, 0xda, 0xa,
    0x22, 0x0, 0xf8, 0x40, 0x2, 0x20, 0xf, 0x84,
    0x1d, 0x48, 0x3, 0xed, 0x2, 0xd0, 0x60, 0xe,
    0x15, 0x31, 0x62, 0x82, 0x0, 0xd4, 0x10, 0x0,
    0xe0, 0xd9, 0x67, 0xd4, 0x84, 0x0, 0x1f, 0xb3,
    0xcc, 0x35, 0xb8, 0x6, 0x19, 0xe2, 0x1a, 0x40,
    0xf, 0xdc, 0x38, 0xa2, 0x42, 0x1, 0xc7, 0x81,
    0x5d, 0xac, 0x1, 0xe3, 0xdd, 0x5e, 0x38,

    /* U+0052 "R" */
    0x3f, 0xfe, 0xd9, 0x10, 0x9, 0x6a, 0x92, 0x8d,
    0xe2, 0x0, 0xd5, 0x53, 0x4d, 0xb, 0x80, 0x7c,
    0xe1, 0xc0, 0x1f, 0x38, 0x70, 0x3, 0xc4, 0x44,
    0xd6, 0x2e, 0x0, 0x7e, 0xe6, 0xc9, 0x60, 0x80,
    0x1a, 0xec, 0x7, 0x84, 0x1, 0x72, 0x22, 0xd,
    0x40, 0x3e, 0x71, 0xb0, 0xf, 0xd6, 0x2e, 0x1,
    0xf2, 0x9c, 0x8, 0x7, 0xde, 0x16,

    /* U+0053 "S" */
    0x0, 0xc, 0x77, 0xf5, 0x18, 0x5, 0x8e, 0x90,
    0xcf, 0x86, 0xc, 0x53, 0x4f, 0x1b, 0x26, 0x1c,
    0xa, 0x1, 0x98, 0x1, 0x81, 0x2, 0x1, 0xe4,
    0x74, 0xe9, 0x20, 0xe, 0x8c, 0x56, 0xdc, 0x30,
    0xc, 0x75, 0xd0, 0x58, 0x80, 0x1c, 0x2f, 0xe1,
    0x20, 0x1f, 0x9, 0x90, 0x4b, 0x80, 0x61, 0x33,
    0x1, 0xc7, 0x4b, 0xcf, 0x87, 0x85, 0x5a, 0xbc,
    0x3a, 0x69, 0x80,

    /* U+0054 "T" */
    0x7f, 0xff, 0xe3, 0x59, 0x99, 0x41, 0xe6, 0x62,
    0x23, 0x35, 0xa1, 0x6c, 0xd0, 0x80, 0x7f, 0xff,
    0xc0, 0x3f, 0xfa, 0xe0,

    /* U+0055 "U" */
    0x3f, 0x60, 0xe, 0x6f, 0x30, 0xf, 0xff, 0xf8,
    0x0, 0x40, 0x40, 0x38, 0x40, 0x4, 0x18, 0x1,
    0xda, 0x6, 0x8, 0x83, 0x0, 0x8d, 0x50, 0x1,
    0x21, 0x92, 0xf3, 0x81, 0x20, 0x2, 0xd5, 0x78,
    0x75, 0xd2, 0x0,

    /* U+0056 "V" */
    0xde, 0x0, 0xf3, 0xf9, 0x50, 0x98, 0x7, 0x59,
    0x11, 0x42, 0xc0, 0x30, 0x9a, 0x81, 0x11, 0x40,
    0x33, 0x85, 0x80, 0x14, 0x88, 0x1, 0x68, 0x98,
    0x2, 0xc1, 0x40, 0x24, 0x70, 0x8, 0xcb, 0x0,
    0x8, 0x1a, 0x1, 0x95, 0x4, 0x34, 0x50, 0x3,
    0x58, 0x20, 0x3b, 0x80, 0x38, 0xc7, 0xc8, 0x74,
    0x3, 0xce, 0x8a, 0x8, 0x1, 0xed, 0x18, 0x50,
    0xf, 0x90, 0x43, 0xc0, 0x30,

    /* U+0057 "W" */
    0x6f, 0x40, 0xd, 0xda, 0x1, 0x97, 0xcd, 0x40,
    0xc0, 0x23, 0x12, 0x10, 0xb, 0x0, 0xcc, 0x1a,
    0x1, 0x21, 0x2, 0x0, 0x4a, 0x60, 0x3, 0x70,
    0xb, 0x10, 0xfc, 0x2, 0x35, 0x0, 0x29, 0x0,
    0x49, 0x88, 0x80, 0x1, 0x6, 0x0, 0x30, 0x10,
    0xc, 0x13, 0x44, 0x81, 0x1, 0xc0, 0xe, 0x6,
    0x16, 0x42, 0x80, 0x81, 0xe0, 0x40, 0x2, 0x1d,
    0x3, 0x40, 0x12, 0xc0, 0x54, 0x0, 0xca, 0xe0,
    0x98, 0x0, 0x47, 0x3, 0x30, 0x6, 0xc2, 0x30,
    0x40, 0x6, 0x11, 0x86, 0x80, 0x63, 0xa, 0x21,
    0x0, 0x20, 0x50, 0x20, 0x6, 0x50, 0x64, 0x0,
    0x84, 0xd8, 0x44, 0x1, 0x84, 0x83, 0x0, 0x32,
    0x2, 0x80, 0x40,

    /* U+0058 "X" */
    0x2f, 0xa0, 0xc, 0x9e, 0xe0, 0x4c, 0xa6, 0x1,
    0x41, 0x38, 0x2, 0x6, 0x0, 0xa, 0x70, 0x1,
    0xc, 0x22, 0x2, 0xd, 0x40, 0x33, 0x14, 0xa9,
    0x78, 0x7, 0xa4, 0xa9, 0x4c, 0x3, 0xc8, 0x0,
    0xf0, 0xf, 0xa0, 0x4a, 0x0, 0x3c, 0x4f, 0x32,
    0x26, 0x0, 0xe8, 0x17, 0x44, 0x40, 0x80, 0x48,
    0xb0, 0x0, 0x81, 0x80, 0xa, 0x49, 0x80, 0x6,
    0xac, 0x40, 0xc5, 0x0, 0x1a, 0xc2, 0x40,

    /* U+0059 "Y" */
    0xc, 0xe0, 0xe, 0x6f, 0x50, 0x81, 0x70, 0xd,
    0x64, 0xa0, 0x87, 0x20, 0x12, 0x14, 0x0, 0x50,
    0x2c, 0x0, 0x82, 0x50, 0x9, 0xe, 0xc0, 0xcd,
    0x0, 0x1d, 0x4, 0x92, 0x4a, 0x1, 0xc8, 0x72,
    0xb0, 0x1, 0xf4, 0x11, 0x14, 0x3, 0xe5, 0x4,
    0x0, 0xff, 0xf2, 0x0,

    /* U+005A "Z" */
    0x7, 0xff, 0xfb, 0x80, 0x9, 0x33, 0xcc, 0xe,
    0x0, 0x36, 0x6e, 0x41, 0x90, 0xf, 0xa0, 0xa8,
    0x3, 0xe3, 0x76, 0x40, 0xf, 0xb8, 0x64, 0x3,
    0xe7, 0x2a, 0x0, 0xf8, 0xa1, 0x50, 0x3, 0xee,
    0x1b, 0x0, 0xf9, 0xce, 0xc4, 0x3, 0xc5, 0xa,
    0xa0, 0xf, 0xb8, 0x9, 0x9b, 0xc0, 0x26, 0xf,
    0x33, 0xe0,

    /* U+005B "[" */
    0x1f, 0xf9, 0xc0, 0x1b, 0xee, 0x1, 0xff, 0xfc,
    0xce, 0x60,

    /* U+005C "\\" */
    0x99, 0x0, 0x76, 0xb8, 0x7, 0x20, 0x98, 0x7,
    0x2d, 0x80, 0x77, 0xa8, 0x7, 0x21, 0x10, 0x3,
    0xa, 0x28, 0x7, 0x6d, 0x80, 0x73, 0x98, 0x80,
    0x61, 0x37, 0x0, 0xe4, 0xd0, 0xe, 0xb4, 0x0,
    0xe3, 0x14, 0x0, 0xe7, 0xd0, 0xe, 0xd7, 0x0,
    0xe4, 0x13, 0x0, 0xe5, 0xb0, 0xe, 0x9e,

    /* U+005D "]" */
    0x5f, 0xf8, 0xd7, 0xfc, 0x1, 0xff, 0xfc, 0x5e,
    0xe0, 0x8,

    /* U+005E "^" */
    0x0, 0xbb, 0x80, 0x1c, 0x82, 0x24, 0x0, 0xde,
    0xaa, 0xe0, 0x8, 0x53, 0xb8, 0xa2, 0x0, 0x61,
    0x44, 0xb, 0x0, 0x29, 0xc0, 0xd, 0x40, 0x65,
    0x40, 0xb, 0x23, 0xa2, 0x30, 0x1, 0x95, 0x0,

    /* U+005F "_" */
    0xbf, 0xff, 0xd9, 0x5b, 0xbf, 0xc0,

    /* U+0060 "`" */
    0x5, 0x0, 0x8a, 0xac, 0x0, 0x54, 0x92, 0x0,
    0x5a, 0x65, 0x0, 0x2e, 0x28,

    /* U+0061 "a" */
    0x4, 0xbe, 0xfd, 0x40, 0x5b, 0x18, 0x90, 0xb2,
    0x5d, 0xa6, 0x67, 0x85, 0x1, 0x0, 0x71, 0x0,
    0xc6, 0xfe, 0x0, 0xa7, 0x1c, 0xff, 0x0, 0x20,
    0xad, 0x0, 0x31, 0x30, 0x4, 0x40, 0x4, 0x44,
    0x2c, 0x60, 0x85, 0xab, 0xd1, 0x62, 0x80,

    /* U+0062 "b" */
    0x5f, 0x50, 0xf, 0xfe, 0xd8, 0xbf, 0x7e, 0xa8,
    0x6, 0xab, 0x98, 0xa, 0x40, 0x9, 0xf1, 0xdd,
    0x81, 0x20, 0x16, 0x0, 0x42, 0xa4, 0x20, 0x1f,
    0x10, 0x10, 0x7, 0xf0, 0x80, 0x7c, 0x60, 0x40,
    0x3, 0x0, 0x8d, 0x14, 0x2, 0x8a, 0x68, 0xc1,
    0xb0, 0xb, 0x2, 0x5d, 0x7c, 0x40,

    /* U+0063 "c" */
    0x0, 0x9f, 0x7f, 0xa0, 0x2, 0xc8, 0x79, 0x66,
    0x18, 0x41, 0xcd, 0x34, 0x71, 0x82, 0x8b, 0x0,
    0x78, 0x90, 0x3, 0xff, 0x88, 0x2e, 0x1, 0xf3,
    0x13, 0x0, 0x42, 0x0, 0x82, 0x99, 0x33, 0xfb,
    0x80, 0x31, 0xdd, 0x32, 0x67,

    /* U+0064 "d" */
    0x0, 0xf8, 0xbe, 0x0, 0x3f, 0xfa, 0x83, 0x3d,
    0xf8, 0xc0, 0x1b, 0x19, 0x25, 0x6c, 0x2, 0x82,
    0x8a, 0x69, 0xc0, 0x9, 0x45, 0xc0, 0x21, 0x0,
    0x89, 0x0, 0x3f, 0xf8, 0xc2, 0xe0, 0x1f, 0x90,
    0x90, 0x2, 0x40, 0xa, 0x2, 0xe1, 0xaa, 0x0,
    0x22, 0xc4, 0x79, 0xf, 0x10,

    /* U+0065 "e" */
    0x0, 0xa3, 0xbf, 0x58, 0x3, 0x63, 0x4d, 0x24,
    0xb0, 0x2, 0xf, 0x1d, 0x65, 0xe0, 0x0, 0xaa,
    0x20, 0xb, 0x4, 0x80, 0x97, 0xff, 0x58, 0x8,
    0x1, 0x77, 0x7c, 0x60, 0x2e, 0x45, 0xe0, 0x3,
    0x12, 0x80, 0x7d, 0x7, 0x52, 0xad, 0x70, 0x1,
    0x63, 0xa5, 0x40, 0xd8, 0x0,

    /* U+0066 "f" */
    0x0, 0x16, 0x7f, 0x18, 0x3, 0x8e, 0x60, 0x80,
    0x6, 0xac, 0xc1, 0x1, 0x3, 0x0, 0x9b, 0x81,
    0xbe, 0x81, 0xe8, 0x16, 0xe0, 0x5, 0x0, 0xd0,
    0x80, 0x3f, 0xfc, 0xc0,

    /* U+0067 "g" */
    0x0, 0x26, 0x7f, 0xf5, 0x82, 0x5b, 0xdd, 0x8c,
    0x2a, 0x3, 0x82, 0xd1, 0x1a, 0x6, 0x60, 0x0,
    0x80, 0x42, 0x2, 0x0, 0xe1, 0x80, 0x4, 0x82,
    0x80, 0x11, 0x5f, 0xfc, 0x96, 0x40, 0x4, 0x5e,
    0xeb, 0x50, 0x2, 0xc1, 0x1c, 0x1, 0xda, 0x32,
    0xab, 0x20, 0x80, 0x14, 0x9a, 0xaa, 0xbe, 0x60,
    0xb7, 0xff, 0xda, 0x36, 0x9, 0x80, 0x18, 0x8c,
    0x40, 0xe1, 0x88, 0x89, 0x85, 0xe1, 0xaf, 0x7b,
    0xa9, 0x5e, 0x30,

    /* U+0068 "h" */
    0x5f, 0x50, 0xf, 0xfe, 0xb8, 0xb6, 0xfe, 0xa0,
    0x5, 0x16, 0xae, 0x56, 0x20, 0x7, 0xd8, 0x84,
    0x82, 0x0, 0x38, 0x2, 0x50, 0x20, 0xf, 0x8,
    0x7, 0xff, 0x8c,

    /* U+0069 "i" */
    0x6f, 0x51, 0x2, 0x7e, 0x70, 0x10, 0x5f, 0x50,
    0xf, 0xfe, 0x78,

    /* U+006A "j" */
    0x0, 0x37, 0xa8, 0x0, 0x40, 0x80, 0xf, 0xce,
    0x1, 0x8, 0x4, 0xbe, 0xa0, 0x1f, 0xfe, 0x83,
    0x1, 0x35, 0xa0, 0x5a, 0xa1, 0x50, 0x80,

    /* U+006B "k" */
    0x5f, 0x40, 0xf, 0xfe, 0xde, 0xe8, 0x40, 0x3a,
    0xcb, 0xc4, 0x3, 0x3a, 0x59, 0x0, 0x64, 0x88,
    0x20, 0x6, 0x2a, 0x2, 0x0, 0xe9, 0x24, 0xb1,
    0x0, 0xc3, 0xb2, 0x30, 0x1, 0xac, 0x49, 0xd8,
    0xc0, 0x21, 0x0, 0x40, 0xf0, 0x7, 0xd6, 0x4e,

    /* U+006C "l" */
    0x5f, 0x50, 0xf, 0xff, 0x8, 0x87, 0x82, 0x1a,
    0x98,

    /* U+006D "m" */
    0x5f, 0x6, 0xef, 0xc2, 0x7, 0xef, 0xb1, 0x0,
    0xae, 0xd2, 0xc7, 0xd5, 0x49, 0x54, 0xa0, 0xd,
    0xaf, 0x2a, 0x61, 0xaf, 0x48, 0x80, 0xb, 0x80,
    0x2d, 0x9, 0x0, 0x8c, 0x4, 0x3, 0xc2, 0x1,
    0xf1, 0x80, 0x7f, 0xff, 0xc0,

    /* U+006E "n" */
    0x5f, 0x6, 0xdf, 0xd4, 0x0, 0xae, 0xca, 0xe5,
    0x62, 0x1, 0x6c, 0x42, 0x41, 0x0, 0x1c, 0x1,
    0x28, 0x10, 0x7, 0x84, 0x3, 0xff, 0xc6,

    /* U+006F "o" */
    0x0, 0xa3, 0xbf, 0x5c, 0x3, 0x63, 0xba, 0x52,
    0x2c, 0x1, 0x7, 0x52, 0xd3, 0x24, 0x60, 0x62,
    0x50, 0x9, 0x86, 0x80, 0x5c, 0x3, 0x94, 0xc0,
    0x3f, 0xe1, 0x70, 0xe, 0x53, 0x6, 0x25, 0x0,
    0x98, 0x68, 0x20, 0xaa, 0x1a, 0x64, 0x8c, 0x0,
    0xd7, 0x69, 0x48, 0xb0,

    /* U+0070 "p" */
    0x5f, 0x17, 0xef, 0xd5, 0x0, 0xdf, 0x73, 0x1,
    0x4a, 0x1, 0x3e, 0x3b, 0xb0, 0x20, 0x2, 0xc0,
    0x8, 0x54, 0x84, 0x3, 0xe2, 0x2, 0x0, 0xfe,
    0x10, 0xf, 0x8c, 0x8, 0x0, 0x60, 0x11, 0xa2,
    0x80, 0x53, 0x4d, 0x18, 0x36, 0x1, 0x48, 0x4b,
    0xaf, 0x88, 0x4, 0x55, 0xfe, 0xa1, 0x0, 0xc2,
    0x1, 0xff, 0xcf,

    /* U+0071 "q" */
    0x0, 0xc, 0xf7, 0xe2, 0x74, 0x0, 0x31, 0x92,
    0x56, 0xc4, 0x1, 0x5, 0x14, 0xd3, 0x80, 0x12,
    0x8b, 0x80, 0x42, 0x1, 0x12, 0x0, 0x7f, 0xf1,
    0x85, 0xc0, 0x3f, 0x21, 0x20, 0x4, 0x80, 0x14,
    0x5, 0xc3, 0x54, 0x0, 0x45, 0x88, 0xf2, 0x1a,
    0x1, 0x8e, 0xff, 0xd4, 0x20, 0x1f, 0xfd, 0x40,

    /* U+0072 "r" */
    0x5f, 0x7, 0xee, 0x0, 0x53, 0x26, 0x80, 0x9,
    0xfe, 0x18, 0x2, 0x91, 0x0, 0xe2, 0x0, 0xff,
    0xed, 0x80,

    /* U+0073 "s" */
    0x0, 0x47, 0x7e, 0xc0, 0x2, 0x5e, 0x6e, 0x98,
    0xc1, 0x10, 0xe8, 0xfc, 0x60, 0xc8, 0x80, 0xe,
    0xa3, 0xbc, 0x60, 0x8, 0x73, 0xd, 0x3c, 0x40,
    0x11, 0xd6, 0xc, 0x1, 0x0, 0x46, 0x22, 0x3d,
    0xb5, 0x49, 0x1d, 0x3b, 0xa, 0xb4, 0x96,

    /* U+0074 "t" */
    0x0, 0x32, 0x0, 0x75, 0xe8, 0x7, 0x18, 0x6,
    0x8f, 0x16, 0xff, 0x25, 0x50, 0x12, 0xec, 0xa4,
    0x80, 0x48, 0x81, 0x0, 0xff, 0xe8, 0x88, 0x18,
    0x7, 0x1a, 0xbb, 0x10, 0x3, 0x8e, 0x20, 0xe0,

    /* U+0075 "u" */
    0x7f, 0x20, 0x9, 0x7d, 0x0, 0x3f, 0xfc, 0x62,
    0x1, 0xe2, 0x5, 0x0, 0xc, 0x80, 0x10, 0x22,
    0xf, 0xec, 0x0, 0x1b, 0x37, 0xab, 0xb0, 0x0,

    /* U+0076 "v" */
    0x9f, 0x10, 0xd, 0x5e, 0x14, 0xe, 0x1, 0x95,
    0x80, 0xc7, 0x40, 0x24, 0xd, 0x0, 0x32, 0x8,
    0x3, 0x45, 0x0, 0x14, 0xe, 0x0, 0x77, 0x0,
    0x44, 0x4d, 0x4, 0x1a, 0x0, 0xd4, 0x81, 0xa2,
    0x60, 0x19, 0x81, 0x5d, 0x80, 0x38, 0x4e, 0x6,
    0xc0, 0x3d, 0x44, 0x43, 0x0, 0x80,

    /* U+0077 "w" */
    0x6f, 0x40, 0xa, 0xbc, 0xc0, 0x2b, 0xd7, 0xc,
    0x0, 0x90, 0x10, 0x2, 0x44, 0x9, 0x20, 0x0,
    0xc5, 0xb0, 0x0, 0x61, 0xa0, 0x86, 0x0, 0x43,
    0xc4, 0x0, 0x20, 0x20, 0x68, 0x20, 0x62, 0x20,
    0x10, 0x30, 0xc0, 0x8, 0x18, 0x9, 0x82, 0x58,
    0x8, 0x80, 0x9, 0x10, 0x60, 0x80, 0x88, 0x30,
    0xc0, 0xb, 0xd, 0xc, 0x1, 0x86, 0x80, 0x80,
    0x12, 0x4, 0xa0, 0x1, 0x2, 0x50, 0x3, 0x18,
    0x8a, 0xc0, 0x2, 0x63, 0x80, 0x0,

    /* U+0078 "x" */
    0x3f, 0x90, 0xa, 0x3c, 0x8d, 0xd8, 0xc0, 0x5d,
    0xc4, 0x10, 0x3e, 0x16, 0x30, 0x1, 0x59, 0xc2,
    0xd8, 0x6, 0x54, 0x74, 0x50, 0xe, 0x50, 0x70,
    0xe, 0x90, 0xb3, 0x70, 0x8, 0xda, 0x11, 0x60,
    0x80, 0x1e, 0x4c, 0x16, 0x12, 0xc, 0x72, 0x0,
    0x19, 0x45,

    /* U+0079 "y" */
    0x9f, 0x20, 0xd, 0x3e, 0x16, 0xa, 0x1, 0x9d,
    0x80, 0x8e, 0x80, 0x24, 0x1d, 0x0, 0x49, 0x18,
    0x3, 0x45, 0x0, 0xa, 0x34, 0x0, 0x77, 0x0,
    0x67, 0x70, 0x18, 0xd0, 0x6, 0xb1, 0x4b, 0x13,
    0x0, 0xc4, 0x7c, 0xac, 0x1, 0xe9, 0x52, 0xb0,
    0xf, 0x28, 0x11, 0x80, 0x78, 0x41, 0x40, 0x3e,
    0x90, 0x90, 0xe, 0x68, 0x77, 0x8, 0x6, 0x39,
    0x67, 0x80, 0xe,

    /* U+007A "z" */
    0xd, 0xff, 0xed, 0x0, 0x4d, 0x54, 0xa1, 0x40,
    0x4, 0x55, 0x22, 0xd, 0xc0, 0x3a, 0xc7, 0x80,
    0x39, 0x55, 0x4, 0x1, 0x86, 0xcd, 0xc0, 0x3a,
    0xc7, 0x80, 0x39, 0x16, 0x8, 0x3, 0xd, 0x1,
    0x2a, 0xe0, 0x41, 0xa, 0xae, 0x0,

    /* U+007B "{" */
    0x0, 0x16, 0x7b, 0x80, 0x20, 0x7d, 0xc0, 0xc,
    0x80, 0x19, 0xc0, 0x38, 0x4c, 0x3, 0x18, 0x7,
    0xf8, 0x50, 0x80, 0x9, 0xc1, 0x20, 0x4, 0xb3,
    0x60, 0x9, 0x11, 0xa0, 0x1f, 0xfc, 0x41, 0x30,
    0xc, 0xe0, 0x1c, 0xc8, 0x1, 0xa0, 0x79, 0x80,

    /* U+007C "|" */
    0x2f, 0x0, 0xff, 0xed, 0x0,

    /* U+007D "}" */
    0x5f, 0xd3, 0x0, 0x2f, 0x8c, 0x0, 0x64, 0x60,
    0xf, 0xf8, 0x40, 0x30, 0xb8, 0x7, 0xfb, 0x94,
    0x80, 0x27, 0x2d, 0x60, 0x2, 0x9d, 0x30, 0x3,
    0x11, 0x40, 0x3f, 0x85, 0xc0, 0x38, 0x40, 0x3f,
    0xc8, 0xc0, 0x5, 0xe0, 0x80, 0x0,

    /* U+007E "~" */
    0x0, 0xff, 0x8b, 0x7e, 0x40, 0x24, 0x0, 0x62,
    0xda, 0x58, 0xad, 0x88, 0x4c, 0x26, 0x7, 0x55,
    0x88, 0x38, 0x0, 0x6f, 0x79, 0x0,

    /* U+3001 "、" */
    0x0, 0xfc, 0xf6, 0x1, 0xe4, 0xc0, 0xc, 0xf2,
    0x78, 0x1, 0x9a, 0x4e, 0xc0, 0x33, 0x39, 0x80,
    0x74, 0x40, 0x0,

    /* U+4E0D "不" */
    0xe, 0xff, 0xff, 0xe1, 0x48, 0x2, 0x23, 0xf0,
    0x14, 0x47, 0x68, 0x1, 0x9d, 0xfd, 0xc1, 0xee,
    0xfc, 0x80, 0x1f, 0x99, 0x8a, 0x40, 0x1f, 0xfc,
    0x14, 0x90, 0x34, 0x40, 0x7, 0xfc, 0x96, 0x62,
    0x1b, 0x72, 0x1, 0xfc, 0xb6, 0x78, 0x0, 0x9b,
    0x7d, 0x30, 0xf, 0x4d, 0x2e, 0x0, 0x64, 0xf1,
    0xc5, 0x0, 0x97, 0x5a, 0x28, 0x3, 0xc3, 0x8b,
    0x50, 0x3, 0x63, 0xae, 0x1, 0xfd, 0x4e, 0x20,
    0x3f, 0x84, 0x1, 0xff, 0x44, 0x80, 0x4, 0x3,
    0xff, 0xf4,

    /* U+4E2A "个" */
    0x0, 0xfc, 0x48, 0x1, 0xff, 0xc4, 0xe9, 0x0,
    0xff, 0xe1, 0xc9, 0x92, 0x0, 0x7f, 0xf0, 0x61,
    0xad, 0x6d, 0x0, 0x3f, 0xea, 0x79, 0x4a, 0x5b,
    0x60, 0xf, 0xc5, 0x8b, 0x4c, 0x63, 0x4d, 0x34,
    0x20, 0x1d, 0x1a, 0x58, 0xa1, 0xac, 0x13, 0x25,
    0xf5, 0x0, 0x1f, 0x3a, 0xf9, 0x80, 0x79, 0xb4,
    0xab, 0x0, 0xdf, 0x28, 0x40, 0x3f, 0x16, 0x4d,
    0x0, 0x24, 0xc0, 0x3f, 0xf8, 0xc, 0xc0, 0xf,
    0xff, 0xf8, 0x7, 0xff, 0xa0,

    /* U+4E2D "中" */
    0x0, 0xf8, 0x84, 0x3, 0xff, 0x85, 0x92, 0x1,
    0xff, 0xdb, 0x5f, 0xff, 0xb, 0xff, 0xf9, 0x40,
    0x15, 0x5c, 0xb, 0x55, 0xc0, 0x60, 0x5, 0x5e,
    0x12, 0x55, 0xe0, 0xf, 0xff, 0x47, 0xff, 0xb,
    0xff, 0xf0, 0x6, 0x99, 0xe0, 0x49, 0x9e, 0x0,
    0x3b, 0x99, 0xb8, 0x4d, 0x9b, 0xa5, 0xa, 0x0,
    0x3f, 0xf8, 0xc, 0x40, 0x1f, 0xfe, 0x40,

    /* U+4E3B "主" */
    0x0, 0xff, 0xe5, 0x96, 0xb0, 0x7, 0xff, 0x8,
    0xaa, 0x64, 0x1, 0xff, 0xc2, 0x7a, 0x69, 0x0,
    0xf8, 0xa2, 0x3d, 0xa6, 0x51, 0x19, 0xc0, 0xc,
    0x89, 0xe7, 0x27, 0x44, 0xd6, 0x0, 0x4c, 0xcf,
    0xb, 0x66, 0x78, 0x3, 0xff, 0xb2, 0x48, 0x9c,
    0x24, 0x89, 0xc0, 0x1a, 0xae, 0xf8, 0x16, 0xef,
    0x8c, 0x2, 0x8e, 0xee, 0x6, 0xee, 0xe3, 0x0,
    0xc2, 0x3f, 0xfc, 0x0, 0xf, 0xfe, 0xc0, 0xdd,
    0xfc, 0x2b, 0x77, 0xe9, 0x1, 0x1f, 0x95, 0xc4,
    0x7e,

    /* U+4EAE "亮" */
    0x0, 0xff, 0xe5, 0xeb, 0x80, 0x7c, 0x67, 0xf3,
    0xc1, 0x9f, 0x8b, 0xb3, 0x3c, 0xa1, 0x99, 0xef,
    0xdf, 0xff, 0xfe, 0x16, 0x80, 0x1b, 0xfb, 0xbf,
    0x7b, 0x80, 0x7b, 0xbb, 0xf0, 0x80, 0x7d, 0x77,
    0xf8, 0x40, 0x39, 0xb6, 0x67, 0xf6, 0xb0, 0x2,
    0x37, 0x5f, 0xff, 0xec, 0xd7, 0x11, 0x77, 0x7f,
    0xf0, 0x3, 0x81, 0xcc, 0xc4, 0xe0, 0x19, 0xc8,
    0xcc, 0x21, 0x14, 0x0, 0x8b, 0xcc, 0xd6, 0xc0,
    0xd, 0x81, 0x10, 0x1, 0x55, 0xff, 0x80, 0x30,
    0x88, 0x2, 0x33, 0x78, 0x7, 0xe5, 0x80, 0x27,
    0xc4, 0x50, 0xc, 0x3c, 0x66, 0xc4, 0x9d, 0xa8,
    0xb0, 0xe, 0x76, 0xcc, 0x34, 0xc6, 0xe9, 0xc0,
    0x3d, 0x3f, 0xf9, 0x40,

    /* U+4ECE "从" */
    0x0, 0xc7, 0x42, 0x1, 0x92, 0xc0, 0x3f, 0x99,
    0x40, 0x38, 0xd0, 0x3, 0xf8, 0xc0, 0x40, 0x37,
    0x88, 0x7, 0xf0, 0x80, 0x78, 0x8c, 0x3, 0xfb,
    0x88, 0x3, 0x85, 0x80, 0x3f, 0x88, 0x40, 0x39,
    0x88, 0x3, 0xf9, 0xcc, 0x80, 0x31, 0x8, 0x7,
    0xf1, 0x87, 0x80, 0x46, 0x8, 0x1, 0xf8, 0x82,
    0x4e, 0x40, 0x8, 0x6, 0x20, 0x1f, 0x38, 0x25,
    0xb2, 0x6, 0x18, 0xb8, 0x7, 0xd8, 0x24, 0xaa,
    0x91, 0x44, 0x3d, 0x80, 0x7c, 0xee, 0x0, 0x43,
    0x30, 0x2a, 0xc9, 0x40, 0x39, 0x47, 0x40, 0x5,
    0x72, 0x84, 0x45, 0x80, 0xe, 0x82, 0x40, 0xa,
    0x46, 0x0, 0x10, 0x54, 0x1, 0x39, 0x40, 0x4,
    0xcd, 0x18, 0x0, 0xa5, 0x64, 0x6, 0x51, 0x40,
    0x3, 0x7, 0x20, 0x19, 0x9d, 0x40, 0x7e, 0x80,
    0x21, 0xfc, 0x0, 0xf4, 0x60, 0x0,

    /* U+4EF6 "件" */
    0x0, 0xcb, 0x60, 0x18, 0x74, 0x80, 0x3f, 0xa4,
    0x41, 0x7c, 0xc, 0x84, 0x3, 0xf2, 0x1c, 0x86,
    0x20, 0x7, 0xff, 0x2, 0x10, 0xc1, 0x1, 0x94,
    0x2d, 0x9a, 0x20, 0x9, 0x8f, 0x80, 0xc9, 0x26,
    0x1, 0xe6, 0x67, 0x0, 0x14, 0x80, 0x85, 0x1f,
    0xfb, 0x43, 0x3f, 0xe5, 0x0, 0x71, 0x0, 0x9,
    0xa4, 0x3, 0xfc, 0x47, 0xc0, 0x2, 0x95, 0x0,
    0xff, 0x16, 0x98, 0x4, 0x84, 0x53, 0x3, 0x11,
    0x60, 0x1, 0x0, 0x49, 0xbb, 0xac, 0x2b, 0x77,
    0x10, 0x7, 0x26, 0x66, 0xb0, 0xac, 0xcc, 0x40,
    0x1e, 0x33, 0xcc, 0xc, 0x67, 0x80, 0x3f, 0xff,
    0xa0,

    /* U+4F5C "作" */
    0x0, 0xe1, 0x0, 0xff, 0xe2, 0x27, 0x10, 0x3,
    0x20, 0x3, 0xfe, 0xf3, 0x20, 0x33, 0x60, 0x7,
    0xf8, 0xd2, 0x0, 0x12, 0x20, 0x89, 0xe1, 0x0,
    0xbc, 0xd0, 0x9, 0x46, 0xef, 0xe5, 0x0, 0x31,
    0xd8, 0x2, 0x4f, 0xd5, 0x3f, 0xf9, 0x0, 0xa4,
    0x2, 0x64, 0xf0, 0xf, 0xe1, 0xf2, 0x0, 0x1c,
    0xb9, 0x80, 0x1c, 0xcf, 0x10, 0x11, 0x38, 0x40,
    0x56, 0x0, 0x23, 0xcc, 0xe0, 0x3d, 0x30, 0x1,
    0x50, 0x6, 0x4f, 0xfd, 0xc0, 0x2, 0x0, 0xff,
    0xe7, 0xb9, 0x9f, 0x0, 0x7f, 0xf0, 0xf, 0x33,
    0x88, 0x3, 0xfe, 0x4f, 0xfe, 0x20, 0xf, 0xfe,
    0xe0, 0x80, 0x7f, 0xf0, 0x40,

    /* U+4FDD "保" */
    0x0, 0xff, 0xe5, 0x27, 0xa, 0x27, 0xf0, 0x7,
    0xbd, 0x4a, 0xef, 0xf8, 0x80, 0x31, 0xa4, 0x0,
    0x3b, 0xff, 0xb0, 0x3, 0xdc, 0x86, 0x1, 0xff,
    0xc2, 0x72, 0xd0, 0xf, 0xfe, 0x11, 0xc0, 0x7,
    0x6e, 0x67, 0x78, 0x4, 0x5a, 0x62, 0x0, 0x28,
    0xbb, 0x29, 0xa5, 0xda, 0xc, 0x1c, 0x34, 0x2,
    0x17, 0x7b, 0x42, 0x5d, 0xe1, 0x5, 0xf1, 0x0,
    0x12, 0x26, 0x30, 0x44, 0xe0, 0x0, 0x80, 0x4b,
    0x77, 0xa0, 0x2a, 0xef, 0x10, 0x7, 0x3f, 0xfc,
    0xe0, 0x15, 0xff, 0xc4, 0x1, 0xf9, 0x5e, 0x2,
    0x68, 0x80, 0x3f, 0xcd, 0x54, 0x30, 0x76, 0xc3,
    0x0, 0xf8, 0x6a, 0x69, 0x40, 0x28, 0x7c, 0x60,
    0xf, 0x53, 0xe2, 0x80, 0x74, 0xc4, 0xa0, 0x6,
    0x3b, 0xd3, 0x0, 0xf9, 0xf9, 0x0,

    /* U+4FE1 "信" */
    0x0, 0xff, 0xe5, 0x4c, 0x80, 0x21, 0xe5, 0x0,
    0xff, 0x36, 0x0, 0x42, 0xf6, 0x1, 0xfc, 0xe2,
    0x84, 0x5b, 0x54, 0xc8, 0xb0, 0x6, 0x96, 0x7d,
    0xdd, 0x69, 0x9b, 0xb8, 0x2, 0x81, 0xc6, 0xff,
    0xff, 0x80, 0x4, 0xe0, 0x19, 0x57, 0xf1, 0x80,
    0x5e, 0x60, 0x10, 0xcc, 0xfe, 0xb0, 0x1, 0x1f,
    0x0, 0x43, 0x99, 0xfa, 0x0, 0x5, 0xe4, 0x1,
    0x17, 0xff, 0xea, 0x0, 0x84, 0x3, 0x17, 0x77,
    0xea, 0x0, 0xfe, 0x33, 0xfc, 0x40, 0x1f, 0x97,
    0x77, 0xf7, 0x80, 0x7f, 0x17, 0xff, 0xa4, 0x3,
    0xff, 0xa2, 0x67, 0xee, 0x0, 0xff, 0x16, 0xef,
    0x9c, 0x3, 0xdc, 0x80, 0xbf, 0xdd, 0xef, 0xd0,
    0x0,

    /* U+4FEE "修" */
    0x0, 0xff, 0xe5, 0x5b, 0x80, 0x6e, 0x50, 0xf,
    0xe2, 0x43, 0x0, 0x9c, 0x58, 0x8a, 0x30, 0xe,
    0xb2, 0x40, 0x0, 0xc0, 0x66, 0xed, 0x90, 0x1,
    0xb, 0x58, 0x5, 0xa1, 0x1f, 0xf5, 0x4, 0x80,
    0x56, 0xe, 0x0, 0xa2, 0xb9, 0x50, 0x4a, 0xa0,
    0x80, 0xd, 0x40, 0x53, 0xbf, 0x13, 0x6a, 0x97,
    0x2a, 0x0, 0x1e, 0x10, 0xc, 0xa4, 0xa, 0x2a,
    0x20, 0x19, 0x8a, 0x0, 0x33, 0x57, 0xdc, 0x7c,
    0xc7, 0xd1, 0x35, 0x90, 0x6, 0x1d, 0xcd, 0x7b,
    0x3e, 0xb2, 0x20, 0xa0, 0x7, 0x3b, 0x89, 0xff,
    0x10, 0x12, 0x0, 0x3f, 0x93, 0xb9, 0x8e, 0xdc,
    0x20, 0x1f, 0xe4, 0xf9, 0x6c, 0xac, 0x10, 0xf,
    0xf0, 0xc6, 0xcc, 0xb0, 0xef, 0x0, 0x3c, 0xce,
    0x3, 0xfd, 0xa8, 0xfe, 0x3a, 0x1, 0xe2, 0x90,
    0x13, 0x4c, 0xfe, 0xca, 0x10, 0xf, 0xc3, 0x9f,
    0xe8, 0xe9, 0x20, 0x8,

    /* U+50A8 "储" */
    0x0, 0xff, 0xe0, 0x8, 0x7, 0xe2, 0xf0, 0xf,
    0x36, 0x80, 0x5, 0x40, 0x32, 0xa2, 0x34, 0x40,
    0x44, 0x0, 0x10, 0x98, 0x0, 0xd5, 0xa8, 0xd4,
    0x1d, 0xc9, 0x3e, 0xd7, 0x80, 0x8, 0xc9, 0xc2,
    0x98, 0x7b, 0x92, 0x7c, 0xc6, 0xa0, 0x14, 0x88,
    0x80, 0x74, 0x46, 0x0, 0x22, 0x38, 0x2, 0x25,
    0x2, 0x56, 0x25, 0xaa, 0x8e, 0x8a, 0x28, 0x82,
    0x44, 0x2a, 0x92, 0x82, 0x66, 0x70, 0x44, 0x19,
    0x80, 0x92, 0x2, 0x3c, 0xc1, 0x26, 0xd5, 0x2e,
    0x66, 0x22, 0x59, 0x0, 0x79, 0x74, 0xfd, 0x12,
    0x20, 0x2, 0x0, 0x7a, 0xa8, 0x25, 0x33, 0x54,
    0x0, 0x7f, 0x76, 0x3b, 0x6e, 0xce, 0x1, 0xfe,
    0x43, 0x7, 0xcc, 0x9c, 0x3, 0xfc, 0x86, 0xb,
    0x11, 0x20, 0x7, 0xe1, 0x8a, 0x70, 0x24, 0x48,
    0xc0, 0x3e, 0x12, 0x4f, 0x40, 0x6e, 0xe9, 0x80,
    0x3e, 0x1c, 0xa1, 0x0, 0x26, 0xec, 0xa0, 0x19,
    0x3c, 0x0, 0x60, 0x14, 0xd9, 0x9d, 0x54, 0x0,

    /* U+50CF "像" */
    0x0, 0xfe, 0x10, 0xf, 0xfe, 0x3, 0x70, 0x2,
    0x74, 0x3, 0xff, 0x81, 0x68, 0x8, 0xc7, 0xff,
    0x38, 0x7, 0xc8, 0x52, 0x34, 0xdb, 0xaa, 0x4,
    0x0, 0xfa, 0x50, 0xb0, 0x31, 0xdd, 0x8, 0xca,
    0xa0, 0xc, 0xc5, 0xde, 0x43, 0xdc, 0x92, 0xe,
    0xe5, 0x10, 0x0, 0xa4, 0x1e, 0x24, 0x6e, 0xd2,
    0x57, 0x6a, 0x0, 0xdc, 0x1, 0x31, 0x82, 0x22,
    0x1d, 0x12, 0x0, 0x90, 0xe4, 0x2, 0x12, 0x8b,
    0x36, 0x88, 0x49, 0x98, 0x12, 0xd0, 0x2, 0x4f,
    0x0, 0x2e, 0x66, 0x91, 0x0, 0x20, 0x4, 0x97,
    0xb7, 0xeb, 0x40, 0xdd, 0xc1, 0x0, 0xf2, 0xf7,
    0x13, 0x1d, 0x76, 0x1e, 0xc4, 0x3, 0xc2, 0x17,
    0xd1, 0x62, 0x94, 0xe0, 0x1f, 0x93, 0xb9, 0xa7,
    0x8a, 0xa4, 0x2a, 0x0, 0xf9, 0x28, 0xfb, 0x3f,
    0x0, 0x1c, 0xb4, 0x1, 0xe7, 0xed, 0xa9, 0x2a,
    0x50, 0x2c, 0x61, 0x0, 0xe6, 0xdb, 0x48, 0xc1,
    0x80, 0x1, 0xe0, 0x80,

    /* U+514B "克" */
    0x0, 0xfc, 0x20, 0x1f, 0xfc, 0x5f, 0x70, 0xf,
    0xe4, 0x4f, 0x87, 0x91, 0x3c, 0x40, 0xa, 0xbb,
    0xf0, 0x35, 0xdf, 0xc0, 0xe, 0xff, 0xf0, 0xc7,
    0xff, 0xa4, 0x3, 0xff, 0x95, 0xdf, 0xf8, 0x63,
    0xff, 0x38, 0x7, 0xcf, 0x99, 0xf8, 0x40, 0x3f,
    0x71, 0x9f, 0xe0, 0xf, 0xfe, 0x7c, 0xff, 0xfe,
    0x10, 0xf, 0xaa, 0xe4, 0x22, 0xec, 0x11, 0x76,
    0x50, 0xf, 0x22, 0x0, 0xc, 0x88, 0x3, 0x44,
    0x10, 0x7, 0xeb, 0x41, 0x0, 0xf8, 0x9c, 0x3,
    0xd, 0x94, 0x0, 0x7e, 0x18, 0x0, 0x1c, 0x7a,
    0x51, 0x80, 0x6d, 0x44, 0xa4, 0x40, 0x75, 0x99,
    0xca, 0x1, 0x99, 0x97, 0x72, 0xc0, 0xf, 0xf4,
    0x8, 0x7, 0x4f, 0xff, 0x30, 0x0,

    /* U+5173 "关" */
    0x0, 0xff, 0xe5, 0x4c, 0x80, 0x3c, 0xfa, 0x20,
    0x1f, 0x63, 0x20, 0x7, 0x4a, 0x8, 0x7, 0xca,
    0x92, 0x1, 0x9c, 0x20, 0x3, 0xc6, 0xaa, 0x37,
    0x55, 0x9a, 0x11, 0xa, 0x80, 0x1a, 0x6a, 0x8e,
    0xb5, 0x54, 0x82, 0xd5, 0x24, 0x3, 0x57, 0xff,
    0x21, 0x7f, 0xf6, 0x80, 0x7f, 0xf6, 0xeb, 0xff,
    0xc8, 0x5f, 0xfe, 0xe0, 0x7, 0x4c, 0xf8, 0x0,
    0xd3, 0x3d, 0x60, 0x4, 0x66, 0xe1, 0x2, 0x46,
    0x6e, 0x50, 0xf, 0x8a, 0xf, 0xe, 0x80, 0x3f,
    0xe3, 0xc1, 0xd1, 0xa5, 0xa0, 0xf, 0xc3, 0x18,
    0x78, 0x20, 0x94, 0xba, 0x80, 0x18, 0xa7, 0x9d,
    0xb4, 0x80, 0x25, 0xc0, 0xbd, 0x71, 0xb, 0x66,
    0x6c, 0x80, 0x78, 0xf6, 0x46, 0xc4, 0x27, 0xe4,
    0x80, 0x3f, 0x9b, 0x30, 0x0,

    /* U+5185 "内" */
    0x0, 0xfc, 0x20, 0x1f, 0xfc, 0x27, 0xf0, 0xf,
    0xfe, 0xc8, 0x81, 0xff, 0xfa, 0x7, 0xff, 0xb9,
    0x40, 0x13, 0x77, 0x94, 0x6e, 0xf8, 0x3, 0x3a,
    0x26, 0x32, 0x44, 0xe0, 0xf, 0xe4, 0x70, 0xf,
    0xfe, 0x9, 0x92, 0x50, 0x7, 0xff, 0x3, 0xcf,
    0x52, 0xc0, 0x3f, 0xd2, 0x7c, 0x58, 0xb6, 0x1,
    0xf0, 0xdb, 0x59, 0x1, 0x62, 0xd8, 0x7, 0x17,
    0xb6, 0x20, 0x4, 0x5a, 0xa8, 0x1, 0x8b, 0x74,
    0x60, 0x1c, 0x7c, 0x80, 0x1c, 0x60, 0x1f, 0xfc,
    0xb6, 0x68, 0x4, 0x3, 0xfe, 0xb9, 0x84, 0x50,

    /* U+5206 "分" */
    0x0, 0xe4, 0x91, 0x0, 0xa5, 0x0, 0x3f, 0xde,
    0x82, 0x1, 0x14, 0x0, 0x7f, 0x22, 0x2c, 0x3,
    0x49, 0xb8, 0x7, 0xe9, 0x36, 0x0, 0xc4, 0xf0,
    0x40, 0x1e, 0x92, 0xe0, 0xf, 0x41, 0xf8, 0x80,
    0x67, 0x69, 0x20, 0xf, 0xb8, 0xf4, 0x40, 0x11,
    0x3, 0x32, 0xaf, 0xe7, 0x93, 0xc1, 0x2, 0x66,
    0x55, 0x7f, 0xba, 0xd4, 0x42, 0xa6, 0xbf, 0xd6,
    0x1b, 0xff, 0x88, 0x52, 0x0, 0x3e, 0x30, 0x20,
    0xc, 0x7e, 0x1, 0xfd, 0x68, 0x1, 0xc2, 0x20,
    0xf, 0xc6, 0x6e, 0x0, 0xc2, 0x6, 0x1, 0xfb,
    0xc9, 0x40, 0x31, 0x3, 0x0, 0x7d, 0x67, 0xc0,
    0x1c, 0xc0, 0x40, 0x1c, 0xdc, 0xb8, 0x60, 0x5,
    0x44, 0x48, 0x88, 0x3, 0x3c, 0xbf, 0x98, 0x5,
    0x77, 0x15, 0x80, 0x73, 0xf4, 0x88, 0x6, 0xef,
    0xf7, 0x28, 0x6,

    /* U+52A1 "务" */
    0x0, 0xff, 0xe6, 0x47, 0x8, 0x7, 0xff, 0x9,
    0x1d, 0x88, 0xcf, 0xc0, 0x1f, 0x2d, 0x83, 0xe6,
    0x7c, 0x80, 0x1d, 0x14, 0x1b, 0xff, 0xd6, 0xe,
    0x80, 0x10, 0xeb, 0x5b, 0xea, 0x80, 0x6, 0x6e,
    0x60, 0x3, 0xc, 0x7a, 0x44, 0xde, 0x57, 0x16,
    0xb0, 0x7, 0x94, 0x49, 0x7c, 0xd, 0x0, 0xa,
    0x84, 0x1, 0xab, 0x7f, 0x60, 0x2f, 0xfa, 0xce,
    0xed, 0xbf, 0xa2, 0x19, 0x76, 0xed, 0x95, 0xd4,
    0x44, 0x67, 0xf5, 0xf0, 0x83, 0x31, 0x40, 0x44,
    0x84, 0xe2, 0x38, 0x10, 0xc0, 0x2b, 0xee, 0xd6,
    0x19, 0xdd, 0xd2, 0x1, 0xab, 0xba, 0xd0, 0x7e,
    0xee, 0x1e, 0x0, 0xc2, 0x3a, 0x4a, 0x4, 0x7c,
    0x60, 0x1e, 0x1b, 0x5f, 0x0, 0xe4, 0x5, 0x0,
    0xc9, 0x3c, 0x18, 0x40, 0x24, 0x57, 0x98, 0x80,
    0x55, 0x67, 0x76, 0x20, 0xb, 0x76, 0x6f, 0x0,
    0xd5, 0xf4, 0x80, 0x18, 0x7f, 0xed, 0x30, 0x8,

    /* U+52A8 "动" */
    0x0, 0xff, 0x8f, 0x40, 0x39, 0x77, 0x7c, 0xe0,
    0x7, 0x20, 0xe, 0x78, 0x8f, 0x20, 0x7, 0xf1,
    0x2a, 0xf8, 0xc0, 0x2, 0x1, 0xff, 0xc2, 0xef,
    0xa0, 0xff, 0xb0, 0x11, 0x3f, 0x5c, 0xa8, 0x4c,
    0x90, 0x1, 0x77, 0xf4, 0xab, 0x68, 0xb3, 0x9,
    0xc3, 0xfc, 0x88, 0xff, 0xb4, 0x1, 0xe4, 0x0,
    0x30, 0xc, 0xba, 0x8, 0x80, 0x8, 0x98, 0x0,
    0x22, 0x0, 0x18, 0xb8, 0x14, 0x80, 0x4f, 0xa0,
    0x11, 0x80, 0x28, 0xc4, 0x1c, 0x8c, 0x4, 0x8c,
    0x0, 0xe2, 0x0, 0x7a, 0x3, 0x71, 0xa0, 0x70,
    0x40, 0x1, 0x78, 0x30, 0xdf, 0xe5, 0x2b, 0x5,
    0x20, 0x4, 0x22, 0xc, 0x4a, 0xcf, 0xcb, 0x76,
    0x3f, 0x0, 0x8, 0x10, 0x55, 0xb9, 0x80, 0x55,
    0x8, 0xaa, 0x48, 0x5, 0x0, 0xfc, 0x87, 0x43,
    0x76, 0x68, 0x10, 0xf, 0xcd, 0xa2, 0x1d, 0xfe,
    0x70,

    /* U+52FF "勿" */
    0x0, 0xff, 0xe4, 0xa7, 0x90, 0x7, 0xff, 0xb,
    0x88, 0x80, 0x1f, 0xfc, 0x11, 0x57, 0x44, 0xfe,
    0x53, 0x0, 0xa4, 0x16, 0xef, 0xfa, 0xa4, 0x0,
    0x2e, 0xef, 0xf1, 0x37, 0xf9, 0x11, 0xfe, 0x30,
    0xa, 0xc6, 0x0, 0xca, 0x80, 0xb, 0x80, 0x11,
    0x82, 0xaa, 0xc0, 0x14, 0x46, 0x4, 0x28, 0x0,
    0x11, 0x15, 0x2a, 0x80, 0x5a, 0xc0, 0xa, 0x26,
    0x0, 0x3f, 0x2a, 0xa0, 0x2, 0x5, 0x80, 0x16,
    0x80, 0x10, 0x88, 0x14, 0x0, 0x6d, 0x60, 0x2,
    0x3e, 0x0, 0xc6, 0x1, 0xb9, 0x14, 0x1, 0x64,
    0x80, 0x2, 0x6, 0x0, 0xac, 0xe8, 0x0, 0x4d,
    0x60, 0x10, 0x80, 0x80, 0x29, 0x28, 0x40, 0x12,
    0x4c, 0x1, 0x30, 0x10, 0x1a, 0x5a, 0x0, 0x1d,
    0x24, 0x3, 0x61, 0x0, 0xf, 0x90, 0x0, 0xd1,
    0x4, 0x15, 0x53, 0x31, 0x0, 0x3e, 0xe6, 0x70,
    0x1b, 0xa9, 0x38, 0x0,

    /* U+5339 "匹" */
    0x4d, 0xdf, 0xfe, 0x15, 0x1, 0x55, 0x4e, 0x55,
    0x51, 0x3d, 0x55, 0xe0, 0x7, 0x7b, 0x5, 0xde,
    0xf, 0x77, 0x94, 0x3, 0x84, 0xc0, 0x3f, 0xfa,
    0x5c, 0xc0, 0x1f, 0xfc, 0x22, 0x20, 0x7, 0xff,
    0x9, 0x30, 0x3, 0xe7, 0x80, 0xc, 0xa0, 0x80,
    0x1f, 0x79, 0x80, 0x43, 0x6c, 0x20, 0x1b, 0x15,
    0x48, 0x40, 0x2, 0xc3, 0x80, 0xc, 0xee, 0xaa,
    0xd, 0x80, 0xa, 0xf0, 0x40, 0x34, 0x77, 0xfb,
    0x48, 0x2, 0x61, 0x0, 0xff, 0xe0, 0xff, 0xff,
    0xf0, 0x79, 0x6a, 0xbf, 0xf8, 0x60,

    /* U+5378 "卸" */
    0x0, 0x84, 0x3, 0xff, 0x86, 0x3c, 0x80, 0x1f,
    0xe1, 0x0, 0x9c, 0x0, 0x67, 0x83, 0xbf, 0xf7,
    0x50, 0x2, 0xc2, 0xf3, 0x31, 0x83, 0xe6, 0x48,
    0x0, 0x72, 0xeb, 0xf, 0xf8, 0xc3, 0x8c, 0xe1,
    0x0, 0x4b, 0x88, 0x7, 0xff, 0x4, 0x6f, 0x10,
    0xc1, 0x12, 0x20, 0xf, 0x96, 0xae, 0xd0, 0x17,
    0x72, 0x80, 0x7c, 0x9f, 0xf5, 0x87, 0xfc, 0xe0,
    0x1f, 0xd8, 0x20, 0x1f, 0xfc, 0x33, 0x30, 0x3,
    0xfe, 0x0, 0xff, 0xe1, 0x6e, 0xc0, 0x1f, 0xfc,
    0x22, 0x28, 0x3, 0xff, 0x86, 0x48, 0x60, 0x16,
    0x6a, 0x98, 0x18, 0x5f, 0x87, 0xed, 0xa0, 0x5,
    0x2b, 0x32, 0x8c, 0x12, 0x24, 0xdf, 0x7b, 0x80,
    0x4b, 0xc, 0x13, 0xfd, 0x72, 0xc8, 0x20, 0x1f,
    0xc0,

    /* U+539F "原" */
    0x0, 0x9, 0x91, 0x7f, 0xf0, 0x4, 0x1, 0x79,
    0xbb, 0xff, 0xc0, 0xe0, 0x9, 0x37, 0x79, 0xd7,
    0x77, 0xb8, 0x3, 0x11, 0x73, 0x99, 0x17, 0x8,
    0x7, 0x77, 0xfc, 0xd, 0xff, 0x9c, 0x3, 0xe8,
    0xee, 0xf8, 0x40, 0x38, 0x40, 0x3f, 0xf8, 0xf1,
    0xdd, 0xf0, 0x80, 0x61, 0x30, 0x4, 0xff, 0xfc,
    0x20, 0x19, 0x84, 0x1, 0xea, 0xbf, 0x8, 0x6,
    0x2e, 0x4, 0x59, 0x94, 0x54, 0xcc, 0x64, 0x0,
    0x10, 0x50, 0xa8, 0xfc, 0x90, 0xcc, 0x46, 0x28,
    0x1, 0x0, 0xc0, 0xed, 0x80, 0x31, 0x54, 0x80,
    0x5c, 0x80, 0x79, 0x2a, 0x1, 0x8b, 0x1e, 0xc0,
    0x93, 0x87, 0x21, 0x88, 0xa0, 0x8, 0xb1, 0x64,
    0xa5, 0x47, 0x9c, 0x3b, 0x65, 0x0, 0x22, 0xc9,
    0x6, 0x0, 0x8, 0x3, 0x3f, 0xd6, 0x1, 0x88,
    0x0,

    /* U+53D6 "取" */
    0x4, 0x4f, 0xc4, 0x1, 0xfd, 0x37, 0x7f, 0x50,
    0x8f, 0x10, 0x5, 0xa8, 0xdf, 0xed, 0xd, 0x4e,
    0xee, 0xdc, 0x0, 0xff, 0x73, 0x26, 0x64, 0x8c,
    0x1, 0x89, 0x54, 0x80, 0x2, 0xc7, 0x33, 0x9b,
    0x40, 0x32, 0x44, 0x40, 0x13, 0x98, 0x4, 0x46,
    0x1, 0x9b, 0x75, 0x80, 0x11, 0xa, 0x2, 0x2,
    0x0, 0x7f, 0xf0, 0x13, 0x3, 0x90, 0x3, 0x9b,
    0xfd, 0xa0, 0x1b, 0xd4, 0x17, 0x80, 0x39, 0x73,
    0x14, 0x1, 0x90, 0xac, 0x54, 0x3, 0x8c, 0xe7,
    0x0, 0xc2, 0xa8, 0xc0, 0x1f, 0x12, 0x50, 0x75,
    0x0, 0x8, 0x34, 0x3, 0x5a, 0x36, 0xd2, 0x85,
    0xc8, 0x23, 0x94, 0x8, 0x5, 0x93, 0x7d, 0xcf,
    0x5, 0x32, 0xa6, 0xd0, 0xa0, 0x9, 0xd9, 0x4,
    0x3, 0x26, 0x2c, 0x87, 0xae, 0x90, 0x7, 0xf6,
    0x3d, 0x80, 0xb, 0x1c, 0xc0, 0x3c, 0x5e, 0x51,
    0x20, 0x18, 0xa8, 0x40,

    /* U+53EF "可" */
    0x3a, 0xaf, 0xfe, 0x1b, 0x38, 0x8f, 0xff, 0x1,
    0x5c, 0x79, 0x2e, 0xff, 0xf8, 0x3, 0x57, 0x0,
    0x1f, 0xfc, 0x74, 0xff, 0xf8, 0x3, 0xf8, 0x42,
    0xab, 0x38, 0x8, 0x7, 0xf9, 0x57, 0x60, 0x7,
    0xff, 0x89, 0x57, 0x60, 0x7, 0xff, 0x2, 0xab,
    0x38, 0x8, 0x7, 0xfb, 0xff, 0xc0, 0x1f, 0xc9,
    0x20, 0x1f, 0xfc, 0x31, 0x60, 0xe, 0x36, 0x68,
    0x40, 0x3f, 0xf8, 0x33, 0x31, 0xa8, 0x7, 0xfc,
    0x7f, 0xf6, 0x10, 0x0,

    /* U+540C "同" */
    0x13, 0x3f, 0xfe, 0xa, 0xb, 0xe6, 0x7f, 0xf0,
    0x6d, 0x80, 0x7b, 0xbf, 0xf8, 0x4, 0x1, 0x8,
    0xff, 0xf0, 0x0, 0x39, 0x3f, 0xff, 0x68, 0x7,
    0x93, 0x77, 0xf7, 0x80, 0x7c, 0x45, 0xfc, 0x1,
    0xf4, 0xff, 0xfb, 0x40, 0x3f, 0x1a, 0x66, 0x67,
    0x0, 0xff, 0x9, 0x9e, 0xf0, 0xf, 0xfe, 0x70,
    0x99, 0xee, 0x0, 0xff, 0x26, 0x66, 0x60, 0xf,
    0xf2, 0xff, 0xf6, 0x80, 0x7e, 0x88, 0x0, 0x71,
    0x2a, 0x8c, 0x3, 0x88, 0x80, 0x1c, 0x35, 0x42,
    0x50,

    /* U+5426 "否" */
    0x1, 0x1f, 0xfe, 0x20, 0x3, 0xfb, 0xbf, 0xf8,
    0x54, 0x0, 0xcc, 0xfa, 0x41, 0x33, 0x3a, 0x40,
    0x4, 0x67, 0xcd, 0x25, 0x66, 0x7c, 0x40, 0x1e,
    0x1a, 0xa0, 0x39, 0xf4, 0x88, 0x7, 0xe7, 0xf4,
    0xb4, 0x3, 0xb4, 0xe8, 0x0, 0xc5, 0x1d, 0xd,
    0xc8, 0x1, 0x2e, 0xd3, 0x72, 0x1, 0x6b, 0xb7,
    0x40, 0x7, 0xcb, 0xe9, 0x0, 0x59, 0xf0, 0x20,
    0x1f, 0xc3, 0x58, 0x0, 0x30, 0x33, 0xee, 0xe1,
    0x9f, 0x0, 0x7b, 0xb3, 0x35, 0x5e, 0x67, 0x0,
    0x7c, 0xdf, 0xff, 0x9c, 0x3, 0xff, 0xc0, 0xdb,
    0xbf, 0x98, 0x3, 0xf2, 0x44, 0x7e, 0x40, 0xf,
    0xb6, 0xd5, 0x7f, 0x57, 0x80, 0x40,

    /* U+542B "含" */
    0x0, 0xff, 0xe7, 0x37, 0x8, 0x7, 0xff, 0x9,
    0x64, 0x50, 0x3, 0xff, 0x82, 0xf4, 0xf5, 0x47,
    0x0, 0xff, 0x15, 0xc4, 0xc9, 0x6e, 0x70, 0x80,
    0x3c, 0x33, 0xad, 0x87, 0xce, 0x9e, 0xfb, 0x46,
    0x0, 0x1b, 0xe7, 0x8d, 0x35, 0xb9, 0xa1, 0xba,
    0x7c, 0xd2, 0x13, 0x9c, 0x34, 0x48, 0x23, 0x11,
    0xd, 0xb7, 0x44, 0x10, 0xd5, 0x77, 0xd3, 0x2b,
    0xb6, 0x8a, 0x38, 0x6, 0x8f, 0xff, 0xa0, 0x34,
    0x40, 0x3f, 0xf8, 0x2f, 0x16, 0x60, 0x1f, 0x5f,
    0x77, 0xa0, 0x2b, 0xa8, 0x3, 0xce, 0xb7, 0x7d,
    0x54, 0xb4, 0x60, 0xf, 0x89, 0x57, 0xf1, 0x0,
    0x7f, 0xf3, 0x9b, 0x77, 0xf3, 0x0, 0x7e, 0x48,
    0x8f, 0xc8, 0x1, 0xf6, 0x5a, 0xaf, 0xea, 0xc0,
    0x8,

    /* U+542F "启" */
    0x0, 0xf8, 0xb0, 0x80, 0x3f, 0xf8, 0x24, 0x30,
    0x1, 0xf8, 0x99, 0x57, 0x3a, 0xaf, 0x88, 0x0,
    0x93, 0x55, 0x94, 0x2a, 0xb9, 0x40, 0x37, 0xff,
    0xf8, 0x40, 0x3f, 0xf9, 0x3f, 0xff, 0xe1, 0x0,
    0xeb, 0xbf, 0xf9, 0x40, 0x32, 0x27, 0xfc, 0x40,
    0x1, 0x21, 0x66, 0xff, 0x20, 0x3, 0x99, 0x26,
    0x23, 0xf4, 0xc0, 0x1, 0x48, 0x1, 0xdd, 0xf9,
    0x40, 0x23, 0xc0, 0xf, 0xfe, 0xb, 0x2, 0x80,
    0x7f, 0xf0, 0x6d, 0x80, 0x2f, 0xff, 0xca, 0x6,
    0x68, 0x0, 0xb3, 0x3f, 0x20, 0x1f, 0x8, 0x2f,
    0x99, 0xfe, 0xbc,

    /* U+56DE "回" */
    0x36, 0x6f, 0xfe, 0x11, 0xdc, 0xcf, 0xff, 0xa,
    0xc0, 0xbf, 0xff, 0xf8, 0x2, 0x1, 0xff, 0xc9,
    0x13, 0x3f, 0x8, 0x7, 0xe4, 0xcc, 0xf3, 0x80,
    0x7f, 0xf, 0xfe, 0x10, 0xf, 0xff, 0x70, 0xff,
    0xe1, 0x0, 0xfe, 0x4b, 0xbf, 0x38, 0x7, 0xe1,
    0x44, 0xf0, 0x80, 0x7f, 0xf2, 0x4b, 0xff, 0xff,
    0x80, 0x20, 0x1, 0xaa, 0xff, 0xe0, 0x0, 0x0,

    /* U+5728 "在" */
    0x0, 0xff, 0xe5, 0x97, 0xa0, 0x7, 0xff, 0x9,
    0x41, 0x40, 0x3f, 0x91, 0x57, 0x51, 0x22, 0xaf,
    0xc8, 0x13, 0x55, 0x88, 0x95, 0x5f, 0xc1, 0xbf,
    0xf1, 0x9b, 0xff, 0xfb, 0x80, 0x32, 0x1c, 0x0,
    0x47, 0xc2, 0x1, 0xf0, 0xd2, 0x20, 0x3, 0x9,
    0x80, 0x7d, 0x43, 0x20, 0x1f, 0xfc, 0x18, 0x42,
    0x20, 0xb3, 0x56, 0xa, 0xcd, 0x8, 0x4b, 0x90,
    0x0, 0xae, 0xe6, 0x9, 0xbb, 0x8c, 0x5e, 0x54,
    0x0, 0x7b, 0xb8, 0x33, 0x76, 0x21, 0xf6, 0x0,
    0xff, 0xe1, 0x88, 0x7, 0xff, 0x79, 0xc0, 0x3f,
    0xf8, 0x1f, 0xfa, 0xc3, 0x7f, 0xee,

    /* U+573A "场" */
    0x0, 0xb5, 0x40, 0x91, 0x3e, 0x20, 0xe, 0x30,
    0x2, 0xdd, 0xfd, 0xe0, 0x1f, 0x9f, 0xff, 0x60,
    0x9e, 0x0, 0x7f, 0xf0, 0x1b, 0x1f, 0x4, 0x0,
    0x37, 0x61, 0x8b, 0x40, 0x1a, 0x9a, 0x90, 0xe,
    0x33, 0x3, 0x1b, 0xb7, 0xa4, 0x82, 0xae, 0x41,
    0x88, 0xf, 0x41, 0x48, 0x8a, 0x6a, 0xba, 0x40,
    0x3c, 0x3d, 0xfa, 0x1d, 0x43, 0xee, 0x20, 0x1f,
    0x8, 0x42, 0x8f, 0x30, 0x13, 0x80, 0x7e, 0x55,
    0x59, 0x25, 0x0, 0x90, 0x7, 0x8, 0x8e, 0xac,
    0x65, 0x48, 0x18, 0x40, 0x2, 0x2b, 0xe8, 0xc9,
    0x44, 0xa0, 0x0, 0x5c, 0x57, 0xc0, 0xf9, 0x38,
    0xc5, 0x52, 0x40, 0x20, 0x46, 0x15, 0xf2, 0x60,
    0x63, 0xe8, 0xc0, 0x4, 0x5, 0x1b, 0x50, 0xc,
    0x7e, 0xf4, 0x6, 0x69, 0x21, 0x0, 0xf0, 0xeb,
    0x50, 0x3, 0x30, 0x52, 0x1, 0xf0, 0xf4, 0x0,
    0x5f, 0xee, 0x40,

    /* U+578B "型" */
    0x0, 0xff, 0xe1, 0x98, 0x6, 0x66, 0xfc, 0x0,
    0x10, 0x6, 0x20, 0x5, 0x71, 0x37, 0x69, 0x8b,
    0x5, 0xf0, 0xf, 0xb6, 0xc7, 0x74, 0x37, 0xa0,
    0x1f, 0xfc, 0xf6, 0xb9, 0x1b, 0xb0, 0xcd, 0xa0,
    0x7, 0xe3, 0x30, 0x9, 0x98, 0x1c, 0xdc, 0x3,
    0xf2, 0xc3, 0xba, 0x20, 0x3d, 0x6, 0x20, 0x1f,
    0x91, 0x14, 0x1, 0xe4, 0xe0, 0xf, 0x2d, 0xc1,
    0x80, 0x7c, 0x9b, 0xa0, 0x60, 0x3, 0xd3, 0x80,
    0x57, 0x9a, 0x0, 0x48, 0x9d, 0x20, 0x1, 0x28,
    0x6, 0x51, 0x30, 0x9, 0x50, 0x80, 0x32, 0x7f,
    0xf3, 0x8f, 0xff, 0x20, 0x6, 0x5b, 0xbe, 0x51,
    0xbb, 0xe5, 0x0, 0xc2, 0x89, 0xc4, 0x8, 0x9c,
    0x20, 0x1, 0xaa, 0xf9, 0x46, 0xab, 0xe1, 0x3,
    0x3f, 0x91, 0x8c, 0xfe, 0x0,

    /* U+5904 "处" */
    0x0, 0xff, 0x84, 0x3, 0xf9, 0x78, 0x40, 0x31,
    0x72, 0x80, 0x7e, 0x21, 0x10, 0x7, 0xff, 0xf,
    0x9, 0x12, 0x20, 0xf, 0xfe, 0x2, 0x95, 0xdd,
    0x80, 0x1f, 0xf1, 0x8e, 0x7f, 0x98, 0x80, 0x2e,
    0x10, 0xf, 0x50, 0x18, 0x1, 0x54, 0x1, 0x26,
    0x80, 0x79, 0xc0, 0x40, 0x7, 0xe0, 0x14, 0x8d,
    0x80, 0x67, 0x12, 0x70, 0x30, 0x40, 0x8, 0xfd,
    0x20, 0x0, 0x30, 0xf5, 0x40, 0xa2, 0x20, 0x6,
    0x29, 0x74, 0x1, 0xc8, 0x53, 0x33, 0xd0, 0x7,
    0x99, 0x8e, 0x0, 0x30, 0x25, 0xc1, 0x60, 0xf,
    0xa4, 0xc0, 0x3b, 0x81, 0x44, 0x3, 0xff, 0x85,
    0x0, 0xac, 0x1, 0xff, 0xc1, 0xa3, 0xb7, 0x9a,
    0x22, 0x6a, 0x80, 0x78, 0xb1, 0x69, 0x22, 0x93,
    0x72, 0xdd, 0x9b, 0x1, 0xe9, 0x5a, 0x80, 0x17,
    0xa9, 0x92, 0x67, 0x50, 0x1d, 0x7a, 0x0, 0x72,
    0xd6, 0xf7, 0xfd, 0x80,

    /* U+5907 "备" */
    0x0, 0xf3, 0x68, 0x80, 0x7f, 0xf0, 0x8e, 0x45,
    0x15, 0x73, 0x8, 0x7, 0xc9, 0x82, 0x28, 0x8d,
    0x72, 0x80, 0x1e, 0x8b, 0x4, 0xdd, 0xd2, 0x30,
    0xa0, 0x18, 0x79, 0xab, 0x53, 0x4c, 0x66, 0xe9,
    0xc0, 0x38, 0x6b, 0x94, 0xbd, 0xb3, 0x9f, 0x54,
    0x3, 0xe4, 0x2, 0x7d, 0x43, 0x51, 0xc9, 0x51,
    0x0, 0xd1, 0x7d, 0xb4, 0x9b, 0x95, 0xd0, 0x55,
    0xdc, 0xc2, 0x1, 0x25, 0x7b, 0xe4, 0x66, 0x38,
    0x6c, 0x34, 0x51, 0x4, 0xc8, 0x1a, 0xaa, 0x89,
    0xaa, 0xce, 0xcc, 0x0, 0xe5, 0xcc, 0xa4, 0x73,
    0x28, 0x0, 0xfc, 0xe6, 0x77, 0x9, 0x9c, 0x40,
    0x1f, 0x8f, 0x76, 0x60, 0xdd, 0xa0, 0x3, 0xf2,
    0x77, 0x50, 0x3d, 0xd5, 0x0, 0x7e, 0x59, 0x9a,
    0xc6, 0x66, 0xe0, 0xf, 0xe3, 0x39, 0x94, 0xce,
    0x70, 0xf, 0xaf, 0xaa, 0xbf, 0x67, 0x0, 0x40,

    /* U+5931 "失" */
    0x0, 0xfc, 0x22, 0x0, 0xff, 0xe0, 0x5a, 0x80,
    0x36, 0x0, 0x3f, 0xe2, 0x41, 0x0, 0xff, 0xe1,
    0xd0, 0xa0, 0x7, 0xff, 0xd, 0x87, 0xfe, 0x36,
    0xff, 0xe8, 0x0, 0xce, 0x33, 0x38, 0x4e, 0x67,
    0xac, 0x2, 0x28, 0x76, 0x6c, 0x4a, 0xcd, 0xc6,
    0x1, 0x59, 0x40, 0x6, 0x10, 0xf, 0xf4, 0xe0,
    0x7, 0x18, 0x80, 0x7f, 0x7f, 0x7f, 0xf0, 0xbf,
    0xff, 0xc0, 0xa, 0xaf, 0x30, 0x1, 0xaa, 0xbc,
    0x0, 0x55, 0xf8, 0x95, 0x7f, 0x0, 0x7c, 0xc7,
    0x10, 0x36, 0x0, 0xff, 0x92, 0x51, 0x49, 0xe5,
    0x40, 0x3f, 0xa2, 0xd2, 0xc0, 0x10, 0xb4, 0xe0,
    0x1e, 0x6e, 0x77, 0x58, 0x6, 0xa7, 0x8d, 0x61,
    0x0, 0x74, 0xae, 0x40, 0x7, 0xa3, 0x1a, 0x78,
    0x83, 0x75, 0x66, 0x1, 0xf8, 0xef, 0xac, 0x80,

    /* U+5B58 "存" */
    0x0, 0xf8, 0x80, 0x3f, 0xf8, 0x89, 0xa4, 0x1,
    0xff, 0xc3, 0xe2, 0x20, 0x7, 0xfb, 0x3f, 0xf2,
    0x97, 0xff, 0xee, 0x0, 0x45, 0x54, 0x81, 0x55,
    0xfd, 0x60, 0x4, 0x55, 0x22, 0xba, 0xaf, 0xf8,
    0x3, 0xa0, 0x64, 0x91, 0x3c, 0xa4, 0x1, 0xc8,
    0xd2, 0x29, 0x77, 0xea, 0xe0, 0xc, 0x34, 0x4c,
    0xd, 0xff, 0xac, 0x57, 0x0, 0x21, 0xc1, 0x10,
    0x7, 0xaa, 0x97, 0x40, 0x11, 0x78, 0x20, 0x7,
    0xcb, 0xa, 0x1, 0x89, 0x30, 0x80, 0x1d, 0xff,
    0x82, 0x7f, 0xf1, 0x85, 0x8, 0x5, 0x57, 0x78,
    0x1a, 0xef, 0x10, 0x7, 0x91, 0x38, 0x3d, 0x13,
    0x8, 0x7, 0xff, 0x38, 0xcc, 0x80, 0x1f, 0xfc,
    0x39, 0xcb, 0x24, 0x0, 0xfd, 0x38, 0x1, 0x57,
    0xfb, 0x48, 0x3, 0x80,

    /* U+5B89 "安" */
    0x0, 0xff, 0xe5, 0x1f, 0xa0, 0x7, 0xff, 0x4,
    0xca, 0x0, 0x3e, 0x3f, 0xff, 0x11, 0xff, 0xf9,
    0xc0, 0x15, 0x99, 0xff, 0x0, 0x64, 0x33, 0xaf,
    0xcc, 0xfc, 0x0, 0x16, 0x0, 0x85, 0xd4, 0x3,
    0xcc, 0x65, 0x0, 0x22, 0x80, 0xb1, 0x1f, 0x42,
    0xd7, 0x76, 0x60, 0xde, 0xef, 0xbe, 0x33, 0x22,
    0x26, 0x66, 0x90, 0x9c, 0xc6, 0x91, 0x99, 0x4a,
    0x4c, 0xf6, 0x93, 0x19, 0xc0, 0x2, 0x91, 0x10,
    0x4, 0xa9, 0x20, 0x1e, 0x2a, 0x4a, 0xf9, 0x6a,
    0x64, 0x0, 0xf9, 0x6b, 0xa5, 0xa4, 0x3c, 0x3,
    0xfc, 0xb4, 0xc, 0x93, 0xce, 0x20, 0x19, 0x23,
    0x6d, 0xf6, 0x6f, 0x52, 0x39, 0xc0, 0xbe, 0xd5,
    0x5b, 0x64, 0x0, 0x2a, 0xc4, 0x83, 0x2c, 0xdd,
    0x41, 0x0, 0x78, 0xef, 0x4c,

    /* U+5B8C "完" */
    0x0, 0xfc, 0x40, 0x1f, 0xfc, 0x41, 0xd7, 0x0,
    0xff, 0xe1, 0x8a, 0xc0, 0x80, 0x7e, 0x7f, 0xff,
    0x28, 0x77, 0xff, 0x38, 0x6, 0xbb, 0xff, 0xe0,
    0x0, 0x70, 0xa2, 0x7f, 0xf0, 0x4, 0x2, 0x10,
    0x6, 0x7f, 0xfe, 0xe0, 0xe, 0x6e, 0xf, 0xbb,
    0xfd, 0x41, 0xce, 0x1, 0xc6, 0x89, 0xfc, 0x1,
    0xce, 0xff, 0xfc, 0x40, 0x5, 0xdf, 0x45, 0x5d,
    0xa6, 0x2e, 0xf8, 0x1, 0x99, 0xb4, 0x27, 0x30,
    0xc5, 0x99, 0xc0, 0x1e, 0x50, 0x50, 0xf, 0xfe,
    0x1e, 0x90, 0x80, 0x7e, 0x40, 0xe, 0x46, 0xb0,
    0xf, 0xeb, 0x20, 0x1, 0xd5, 0xb3, 0x0, 0x2f,
    0x34, 0x49, 0xc0, 0x83, 0x71, 0xaa, 0x40, 0x32,
    0x5, 0xdd, 0xc, 0x0, 0xfe, 0xc5, 0x0, 0xe3,
    0xef, 0xfd, 0x20,

    /* U+5C4F "屏" */
    0x0, 0x9, 0x9f, 0xff, 0x4, 0x2, 0x9c, 0xcf,
    0xfe, 0x8, 0x80, 0x47, 0xff, 0xfe, 0xa0, 0xe,
    0x13, 0x3f, 0xf1, 0x0, 0x71, 0x66, 0x7f, 0xa0,
    0x3, 0x8f, 0xfd, 0x8b, 0xff, 0xc9, 0x5e, 0x20,
    0x1e, 0x24, 0x80, 0x9, 0x91, 0xc0, 0x30, 0x80,
    0xaa, 0x20, 0x15, 0x68, 0x47, 0x52, 0x0, 0x9c,
    0xa6, 0x48, 0xf3, 0x30, 0xac, 0xc9, 0x80, 0x6,
    0x27, 0x98, 0x81, 0xcc, 0x86, 0x33, 0x8, 0x0,
    0x63, 0x0, 0xff, 0xe1, 0x9f, 0xd7, 0xfa, 0x47,
    0xfe, 0x19, 0xff, 0x68, 0x10, 0x2c, 0x66, 0x5,
    0x73, 0x20, 0x7c, 0xc7, 0x2, 0x89, 0x91, 0xd8,
    0xc9, 0x9c, 0x3c, 0x67, 0x4, 0xb8, 0x15, 0x3c,
    0x98, 0x7, 0xe2, 0x24, 0x5, 0x36, 0x30, 0x7,
    0xf1, 0x60, 0x84, 0x61, 0x80, 0x77, 0x30, 0x4,

    /* U+5DF2 "已" */
    0x5f, 0xff, 0xfe, 0x6, 0x80, 0x49, 0x55, 0xff,
    0x20, 0x6, 0x15, 0x5f, 0xf8, 0xc0, 0x39, 0x78,
    0x3, 0xff, 0x86, 0x62, 0x1, 0xff, 0xd6, 0xff,
    0xfe, 0x70, 0xf, 0xa6, 0x7f, 0x90, 0x3, 0xe6,
    0x6f, 0xe9, 0xe0, 0xf, 0xfe, 0x19, 0x18, 0x7,
    0xff, 0x14, 0xe4, 0x3, 0xff, 0x86, 0xac, 0x0,
    0x30, 0xf, 0xfe, 0x6, 0x10, 0x1, 0x82, 0x95,
    0x7f, 0xa1, 0x54, 0x0, 0x38, 0x7a, 0xaf, 0xe6,
    0x64, 0x0,

    /* U+5E94 "应" */
    0x0, 0xfe, 0x40, 0xf, 0xfe, 0x21, 0x5a, 0x80,
    0x7f, 0xf0, 0xc9, 0x20, 0x3, 0xfa, 0xbf, 0xfc,
    0x85, 0xff, 0xe1, 0x0, 0x9, 0xd5, 0x7f, 0xf0,
    0x44, 0x2, 0x75, 0x5e, 0x75, 0x5c, 0x8c, 0xa0,
    0x1e, 0x31, 0x1, 0xd4, 0x0, 0x93, 0x8, 0x3,
    0xda, 0xe0, 0x27, 0xa0, 0x16, 0x11, 0x0, 0x30,
    0x83, 0xd0, 0x1, 0x10, 0x1, 0x3a, 0x80, 0x7d,
    0x46, 0x41, 0x84, 0x20, 0x83, 0x40, 0x19, 0xcc,
    0xc, 0x68, 0x10, 0x10, 0x39, 0x8, 0x3, 0x8,
    0x80, 0xe, 0xa0, 0x2, 0x20, 0xaf, 0x80, 0x71,
    0x70, 0x3, 0xc, 0x1, 0xaf, 0x24, 0x80, 0x18,
    0x81, 0x40, 0xb, 0xc0, 0x10, 0xbc, 0x0, 0x72,
    0x1, 0x80, 0x7d, 0x6, 0xa0, 0x1d, 0xa8, 0x3d,
    0xdf, 0x31, 0xf7, 0x64, 0x5, 0xe1, 0x88, 0xfa,
    0x65, 0x11, 0x98, 0x3d, 0x41, 0x9b, 0xff, 0x82,
    0x40,

    /* U+5EA6 "度" */
    0x0, 0xfe, 0x10, 0xf, 0xfe, 0x21, 0x72, 0x80,
    0x7f, 0x1b, 0x2a, 0xe7, 0x28, 0x55, 0xf0, 0x5,
    0x32, 0xaa, 0xe2, 0x25, 0x57, 0x88, 0x2, 0x4f,
    0xf9, 0xf3, 0xfe, 0xd6, 0xff, 0x88, 0x3, 0xe7,
    0x50, 0x9, 0x98, 0x20, 0x1f, 0x6f, 0xf8, 0x27,
    0xfe, 0xb0, 0xef, 0xf0, 0x7, 0x67, 0x70, 0x27,
    0xba, 0xa0, 0xde, 0xe0, 0x7, 0x8, 0xc0, 0x1f,
    0x18, 0x88, 0x3, 0x8, 0x4, 0x33, 0xdd, 0x50,
    0x8, 0x7, 0x9, 0x80, 0x5d, 0xff, 0xe0, 0xf,
    0x30, 0xd7, 0xff, 0xf9, 0xc0, 0x31, 0x75, 0xea,
    0x16, 0x6e, 0xe4, 0x16, 0x0, 0x88, 0x14, 0x4a,
    0x83, 0xc0, 0x8e, 0x57, 0x4, 0x2, 0x40, 0x30,
    0x0, 0xeb, 0x6d, 0xf0, 0xf9, 0x0, 0x6d, 0x40,
    0x13, 0x6a, 0x40, 0x70, 0x78, 0x52, 0x0, 0x97,
    0x8b, 0xb2, 0x8e, 0xff, 0x3a, 0xca, 0xf7, 0xc4,
    0x39, 0x4b, 0xbf, 0x25, 0x40, 0x2, 0xd7, 0xdc,
    0xd1,

    /* U+5F00 "开" */
    0x7, 0xbb, 0xff, 0xe1, 0x20, 0x11, 0x64, 0x72,
    0x2c, 0xe8, 0x45, 0x38, 0x2c, 0xcc, 0x37, 0x33,
    0xac, 0x66, 0x63, 0x0, 0xff, 0xf3, 0x8a, 0xae,
    0x1d, 0x55, 0xda, 0x2a, 0xbd, 0x55, 0x81, 0x6a,
    0xb2, 0x85, 0x55, 0x69, 0xff, 0x68, 0x5f, 0xfe,
    0x81, 0xff, 0xb8, 0x3, 0x20, 0x28, 0x7, 0xff,
    0xa, 0x8c, 0x40, 0x3f, 0xf8, 0x2a, 0x72, 0x1,
    0xff, 0xc1, 0x3a, 0x45, 0x0, 0xff, 0xe0, 0x2e,
    0x1d, 0x0, 0x7f, 0xf0, 0x7d, 0x70, 0x40, 0x3f,
    0xf8, 0x35, 0x40, 0xf, 0xcf, 0xc0, 0x18,

    /* U+5F85 "待" */
    0x0, 0xc2, 0x1, 0xc2, 0x60, 0x1f, 0x8b, 0x94,
    0x3, 0x26, 0x0, 0x7c, 0x58, 0x8a, 0x1, 0xff,
    0xc0, 0x3c, 0x5b, 0x4, 0xff, 0xa8, 0x3f, 0xf1,
    0x1e, 0x25, 0x88, 0x2d, 0xdd, 0x1, 0x77, 0x88,
    0xea, 0x81, 0x8e, 0x28, 0x91, 0x2, 0x26, 0x0,
    0x28, 0x41, 0xaa, 0xf6, 0x82, 0xae, 0x40, 0x2,
    0xbc, 0xbd, 0x56, 0x70, 0xaa, 0xe0, 0x4a, 0x1,
    0x5f, 0xff, 0x86, 0x7f, 0x96, 0xd4, 0x40, 0x3f,
    0xf8, 0x22, 0xb4, 0x0, 0x4f, 0xff, 0x86, 0x7f,
    0x52, 0x80, 0x25, 0xcc, 0x56, 0x66, 0x7, 0xce,
    0x0, 0xe1, 0x35, 0xb1, 0x33, 0x87, 0x8c, 0xc0,
    0x1f, 0x32, 0xf8, 0x7, 0xff, 0xe, 0x8d, 0x0,
    0x3f, 0xf8, 0x43, 0xcc, 0x88, 0x10, 0xf, 0xfe,
    0x8, 0xdd, 0x89, 0x0, 0x3b, 0x98, 0x3, 0x8f,
    0xfd, 0xa4, 0x0,

    /* U+606F "息" */
    0x0, 0xff, 0xe6, 0xe5, 0x80, 0x7f, 0x84, 0xce,
    0x43, 0x3f, 0x8, 0x7, 0x3e, 0x77, 0x24, 0x97,
    0xba, 0xc7, 0x0, 0xf0, 0xee, 0xfe, 0x10, 0xf,
    0x87, 0xff, 0xf0, 0x80, 0x7c, 0x3d, 0xdf, 0x84,
    0x3, 0xe1, 0x22, 0xfc, 0x20, 0x1f, 0xbf, 0xff,
    0x0, 0x7e, 0x1c, 0xcf, 0xc2, 0x1, 0xf0, 0xff,
    0xfe, 0x10, 0xf, 0x36, 0xed, 0x85, 0x7b, 0xb9,
    0x80, 0x31, 0xb1, 0xc1, 0x99, 0x28, 0x8, 0x87,
    0x86, 0x1, 0x46, 0x1a, 0x98, 0x4a, 0xf0, 0x8,
    0x9b, 0x80, 0x6, 0x92, 0x1, 0xd5, 0xc0, 0xd7,
    0x62, 0x70, 0xf3, 0x30, 0x1, 0x4c, 0xc4, 0x29,
    0x64, 0x2d, 0xa1, 0xdc, 0x2, 0x58, 0xcc, 0xd6,
    0x34, 0x13, 0x40,

    /* U+6210 "成" */
    0x0, 0xff, 0x8, 0x7, 0xff, 0x10, 0xf8, 0xe7,
    0xc, 0x3, 0xff, 0x80, 0x20, 0x8, 0x5c, 0x70,
    0xe, 0x11, 0xf8, 0x1c, 0x22, 0xb0, 0x40, 0x2b,
    0xee, 0xf6, 0x5, 0xf7, 0x29, 0x38, 0x80, 0x23,
    0xbb, 0xf0, 0x3d, 0xdf, 0x10, 0x4, 0xe8, 0x9e,
    0x1f, 0x44, 0x2a, 0x90, 0x3, 0x3a, 0xae, 0x10,
    0x2e, 0x0, 0x46, 0x0, 0x71, 0xd5, 0x64, 0x6,
    0x20, 0x3, 0x50, 0x7, 0x27, 0xfc, 0x1, 0x6a,
    0x83, 0x83, 0x0, 0x67, 0x10, 0xc, 0x20, 0x62,
    0x70, 0xe2, 0x1, 0x84, 0xc0, 0x3c, 0x81, 0xa3,
    0x0, 0x1c, 0x5c, 0x0, 0x10, 0x70, 0x1, 0x8e,
    0x80, 0x4, 0x0, 0x40, 0x68, 0xb2, 0x4, 0xc,
    0x60, 0x20, 0xf, 0x20, 0x40, 0x53, 0x85, 0x71,
    0x89, 0x71, 0x80, 0x11, 0x0, 0x2d, 0x5, 0xf7,
    0x57, 0x8f, 0x31, 0x6b, 0x50, 0x24, 0x21, 0x0,
    0x19, 0x83, 0x18, 0x16, 0x51, 0xa0, 0x7, 0x4c,
    0x3, 0x2e, 0x18, 0x4, 0xdd, 0xec, 0x0,

    /* U+6253 "打" */
    0x0, 0x9b, 0x80, 0x3f, 0xf9, 0x9, 0x33, 0xfc,
    0x60, 0x1f, 0x12, 0x26, 0x76, 0x44, 0x9c, 0x15,
    0x58, 0x2a, 0xa4, 0xdd, 0xd6, 0x19, 0xba, 0x41,
    0xaa, 0x28, 0x55, 0x10, 0x3, 0xfc, 0x3f, 0xe9,
    0x1f, 0xf3, 0x0, 0x7f, 0xf5, 0x88, 0x80, 0x1f,
    0xfc, 0x1, 0xf1, 0xed, 0xa0, 0xf, 0xf1, 0x6f,
    0x30, 0x46, 0xc0, 0x7, 0xf8, 0x96, 0xe0, 0x58,
    0x80, 0x3f, 0xf8, 0x10, 0x82, 0x1, 0xff, 0xe7,
    0x24, 0xf0, 0xe, 0x45, 0x56, 0x0, 0x79, 0xed,
    0xd8, 0x3, 0x1d, 0x51, 0x94, 0x40, 0x32, 0xff,
    0x40, 0x6, 0x7e, 0xff, 0x50, 0x6,

    /* U+62D2 "拒" */
    0x0, 0x84, 0x3, 0xff, 0x89, 0xec, 0x0, 0x12,
    0x2f, 0xc2, 0x1, 0xf5, 0xee, 0xfe, 0x60, 0xf,
    0xc7, 0x99, 0xf3, 0x1b, 0xb8, 0x75, 0xd0, 0x1c,
    0xcf, 0xe1, 0x6b, 0xb0, 0x2d, 0x98, 0x7, 0xf9,
    0x73, 0x3, 0x18, 0xe0, 0x9f, 0xfe, 0x50, 0xf,
    0xe2, 0xbb, 0xe0, 0xf, 0xe2, 0x6, 0x44, 0xe1,
    0x0, 0xc4, 0x31, 0xf2, 0x1, 0xfe, 0x5e, 0xd0,
    0x5b, 0xb0, 0x39, 0x9f, 0x8, 0x1, 0x99, 0x83,
    0xa8, 0x0, 0x3c, 0xce, 0x0, 0x8e, 0xc, 0x3,
    0x8f, 0xbb, 0xca, 0x1, 0xfc, 0xe2, 0x3e, 0x0,
    0xff, 0xe4, 0x19, 0x80, 0x39, 0x9b, 0xf2, 0x87,
    0xe1, 0xa0, 0x4, 0x53, 0x3f, 0x58,

    /* U+62E9 "择" */
    0x0, 0xb5, 0x40, 0x4, 0x5f, 0xc0, 0x1c, 0x66,
    0x0, 0x6e, 0xff, 0x8, 0x7, 0xef, 0x63, 0xee,
    0xb4, 0x60, 0x40, 0x55, 0x43, 0xea, 0x41, 0x23,
    0x62, 0x1e, 0x8e, 0x0, 0x5a, 0xa0, 0x35, 0x50,
    0x1, 0x8f, 0x9e, 0xf4, 0x1, 0x27, 0xf8, 0x67,
    0xe0, 0x0, 0x4c, 0x63, 0xa0, 0x1f, 0xe1, 0x6c,
    0xc1, 0x74, 0xcb, 0xa5, 0x0, 0x3c, 0x93, 0x69,
    0xd3, 0x25, 0xeb, 0x29, 0x10, 0x15, 0x19, 0xbd,
    0xd4, 0x8, 0x3a, 0x82, 0xde, 0x8a, 0xf5, 0x3,
    0x7a, 0xcf, 0xfc, 0x13, 0xfe, 0xc0, 0x2, 0x5f,
    0x8f, 0x80, 0x2e, 0xf0, 0x35, 0xdb, 0xc0, 0x2,
    0x80, 0x1c, 0x48, 0x90, 0x7a, 0x20, 0xc0, 0x3f,
    0x3f, 0xfe, 0x9, 0xff, 0xc2, 0x1, 0xe5, 0xbb,
    0xc0, 0xd7, 0x78, 0x40, 0xd0, 0x40, 0x4, 0x89,
    0x83, 0xd1, 0x30, 0x2, 0x6c, 0x90, 0x3, 0xff,
    0x85, 0x5f, 0xa4, 0x1, 0xee, 0x60, 0xe,

    /* U+6309 "按" */
    0x0, 0xff, 0xe4, 0xf2, 0x80, 0x72, 0x78, 0x80,
    0x7f, 0x18, 0x7, 0x28, 0x38, 0x7, 0xfc, 0x55,
    0x55, 0x85, 0xd5, 0x50, 0x2, 0xaa, 0x1f, 0x57,
    0x53, 0x39, 0x90, 0xcc, 0xca, 0x9, 0x54, 0x6,
    0xad, 0x9, 0x97, 0x7c, 0xcd, 0x60, 0x5, 0xff,
    0xc, 0xfd, 0x20, 0x2, 0x0, 0x31, 0xa8, 0x7,
    0xe8, 0x38, 0x2, 0x33, 0x9e, 0xc0, 0x3e, 0xec,
    0xc3, 0x85, 0xe6, 0x70, 0x80, 0x6c, 0xa4, 0xfb,
    0xc, 0xff, 0x48, 0x77, 0x89, 0x46, 0xa, 0x1d,
    0x84, 0x21, 0x80, 0x30, 0xc4, 0x0, 0x89, 0x4,
    0x49, 0xb1, 0x90, 0x0, 0x56, 0x80, 0x26, 0xc8,
    0x10, 0x9, 0xa5, 0xf9, 0xac, 0x58, 0x3, 0xfe,
    0x6e, 0x99, 0x2c, 0x80, 0x7f, 0xf0, 0x4b, 0x1,
    0x22, 0x84, 0x2, 0x33, 0x9, 0x81, 0x36, 0x68,
    0x6d, 0xd9, 0x39, 0x40, 0x1f, 0x84, 0xe0, 0xd0,
    0xb9, 0x64, 0x9, 0xcb, 0xa0, 0xc, 0xfd, 0x20,
    0x4e, 0x93, 0x0, 0xea, 0x80,

    /* U+63A5 "接" */
    0x0, 0xf, 0x90, 0x7, 0x34, 0x80, 0x7e, 0x30,
    0xc, 0x23, 0x2b, 0x20, 0x8c, 0x1, 0xf8, 0x7b,
    0xac, 0xb, 0xee, 0xa8, 0x5, 0x50, 0x11, 0x3,
    0xb1, 0xd, 0xda, 0x9b, 0x6c, 0x16, 0xa4, 0x26,
    0x80, 0x8e, 0xc, 0x89, 0x20, 0x42, 0x9, 0xfa,
    0x1b, 0xc0, 0x4, 0x54, 0x5, 0x28, 0x0, 0xfe,
    0xbf, 0xf2, 0xd7, 0xd0, 0xf7, 0xf8, 0x80, 0x3d,
    0x5b, 0xb2, 0x46, 0xef, 0x10, 0x1, 0x83, 0xf4,
    0x48, 0x8c, 0x8a, 0x45, 0xc0, 0x9d, 0x60, 0xbf,
    0xdf, 0xeb, 0xd, 0xff, 0xe5, 0x69, 0xc0, 0xa2,
    0xdc, 0x51, 0xcc, 0x9c, 0x33, 0x8, 0x4e, 0x20,
    0x11, 0x82, 0xd9, 0x9c, 0xac, 0x66, 0x10, 0xf,
    0x95, 0x2b, 0x1a, 0x8e, 0x0, 0x3f, 0xcd, 0x7c,
    0xf2, 0xa4, 0x40, 0xc, 0x88, 0x0, 0x91, 0xa7,
    0xd1, 0xa9, 0xf2, 0xc8, 0x1, 0xf2, 0x84, 0x13,
    0x41, 0x7f, 0x2b, 0x78, 0xe8, 0x0, 0xbf, 0xb0,
    0x6, 0xe4, 0xa8, 0x6, 0x3c, 0x60,

    /* U+63D2 "插" */
    0x0, 0x88, 0x3, 0xff, 0x86, 0x5a, 0x60, 0x1c,
    0x26, 0xb1, 0x78, 0x1, 0xf9, 0x7b, 0xfb, 0x2c,
    0xcd, 0x0, 0x1f, 0x97, 0x75, 0xe3, 0x76, 0x84,
    0x0, 0x45, 0x84, 0xc0, 0x0, 0xc8, 0x3, 0xf1,
    0x90, 0x31, 0x47, 0xfe, 0x1a, 0xff, 0xb8, 0x2e,
    0x43, 0xea, 0x97, 0x78, 0x1e, 0xee, 0xa0, 0xf,
    0x12, 0x20, 0x14, 0x75, 0x13, 0x0, 0x70, 0x83,
    0xf5, 0xb8, 0x3, 0xbf, 0xce, 0x0, 0x10, 0xee,
    0x6, 0xa7, 0xb0, 0x3, 0x70, 0xc0, 0xb3, 0x0,
    0xd4, 0x0, 0x20, 0xc, 0x66, 0x0, 0x1b, 0xc0,
    0x42, 0x80, 0x4, 0xc8, 0x0, 0x66, 0x0, 0xd,
    0xa8, 0x7, 0x36, 0x40, 0x3, 0x70, 0xc0, 0x3f,
    0x9f, 0xe8, 0x1, 0xde, 0x60, 0x1f, 0xfc, 0x72,
    0x40, 0x10, 0x9, 0x6e, 0xc3, 0x37, 0x62, 0x0,
    0x24, 0x21, 0x0, 0x42, 0x66, 0x74, 0x33, 0x0,
    0x4d, 0xd6, 0x1, 0x56, 0x44, 0x7b, 0x9c,

    /* U+6536 "收" */
    0x0, 0xe4, 0x0, 0x95, 0x0, 0x3f, 0xc5, 0x64,
    0x0, 0x9d, 0x0, 0xf8, 0xc0, 0x3e, 0x3f, 0x0,
    0xf2, 0x60, 0x80, 0x71, 0x82, 0x0, 0x7f, 0xf0,
    0xac, 0x11, 0x9b, 0x84, 0x3, 0xf2, 0x84, 0x45,
    0x32, 0x83, 0x0, 0xf9, 0x9, 0xbb, 0xa5, 0x4e,
    0x20, 0xf, 0xa0, 0x5c, 0x2, 0x4c, 0x0, 0xfd,
    0x47, 0x40, 0x80, 0x42, 0x80, 0x1f, 0xb1, 0xd1,
    0xfc, 0x14, 0x4c, 0x3, 0xf3, 0x40, 0x5a, 0x14,
    0xb0, 0x7, 0x2c, 0x78, 0x6, 0x25, 0xc1, 0x90,
    0xb, 0x42, 0xd1, 0x40, 0x3b, 0x85, 0x84, 0x2,
    0xe8, 0xec, 0xa0, 0xc, 0x30, 0x2c, 0x60, 0x13,
    0xb8, 0x40, 0x38, 0xb0, 0x7d, 0x71, 0x0, 0x3f,
    0xb, 0xe8, 0xe0, 0xd2, 0xdc, 0x88, 0x7, 0xd9,
    0x18, 0x20, 0xa, 0x93, 0x10,

    /* U+6539 "改" */
    0x0, 0xfe, 0x12, 0x0, 0xff, 0xe1, 0xbe, 0x0,
    0x79, 0xff, 0xfc, 0x0, 0xf5, 0x0, 0xf2, 0xd5,
    0x66, 0x0, 0x9f, 0x40, 0x3c, 0x4a, 0xbb, 0xc0,
    0x6, 0x33, 0xff, 0xc2, 0x1, 0xfa, 0xc6, 0xaa,
    0x51, 0xa1, 0x0, 0xfc, 0xc2, 0xab, 0x2, 0xa8,
    0x1b, 0xff, 0x48, 0x40, 0x1, 0x0, 0x8, 0x60,
    0x1a, 0x67, 0x9a, 0x17, 0x40, 0x86, 0xc0, 0x33,
    0x37, 0x63, 0x7b, 0x82, 0x89, 0x80, 0x7f, 0x10,
    0x28, 0xad, 0x38, 0x7, 0xff, 0x5, 0xa8, 0xac,
    0x3, 0xf0, 0xb0, 0x5, 0x40, 0x84, 0x1, 0xe6,
    0xbe, 0xb0, 0xb, 0xc1, 0xc, 0x2, 0xe0, 0xf9,
    0x1b, 0xd0, 0x1c, 0x3c, 0x4d, 0x30, 0x0, 0x94,
    0xfd, 0x20, 0x37, 0x96, 0x1d, 0x96, 0x38, 0x5e,
    0xb0, 0x4, 0x30, 0x9e, 0x60, 0xc, 0x7a, 0x12,
    0x0, 0xe1, 0xfa, 0x10, 0xd, 0x1a, 0x20,

    /* U+65AD "断" */
    0x0, 0xe1, 0x0, 0xff, 0x84, 0x80, 0x7, 0xc0,
    0x1e, 0x15, 0xca, 0x6, 0x95, 0x60, 0xa, 0xcd,
    0x2b, 0x7a, 0x52, 0x40, 0x26, 0xb0, 0x0, 0xa9,
    0xe3, 0xcf, 0xe4, 0x18, 0x4, 0x66, 0x70, 0x66,
    0x0, 0x19, 0x0, 0x3f, 0x6b, 0x82, 0xc8, 0x7,
    0xfd, 0x7b, 0xa0, 0xcf, 0x80, 0x74, 0x4e, 0x10,
    0x4, 0x52, 0x5, 0xd5, 0x0, 0xee, 0xf9, 0x40,
    0x6, 0x88, 0x9, 0x42, 0x4, 0xff, 0xd, 0x7a,
    0x0, 0x4e, 0x60, 0xd4, 0x2, 0x1, 0xfc, 0x51,
    0x0, 0xa4, 0x30, 0x10, 0xf, 0xd9, 0xc, 0x0,
    0xc3, 0x38, 0x3, 0xf4, 0x38, 0x4, 0x40, 0xdc,
    0x1, 0xf9, 0x80, 0x6, 0x1, 0x19, 0x80, 0x3e,
    0x66, 0x96, 0x99, 0x88, 0x8, 0x1, 0xe1, 0xb,
    0xbf, 0x7a, 0x0, 0x7c, 0xdb, 0xbf, 0x3f, 0x80,
    0x7f, 0xf0, 0xf1, 0x0, 0x2e, 0x50, 0x0,

    /* U+65E0 "无" */
    0x0, 0x55, 0xdf, 0xff, 0x4, 0x40, 0x23, 0x11,
    0xe4, 0x71, 0x1f, 0x80, 0x29, 0xaa, 0xe0, 0x9a,
    0xaf, 0x0, 0x7f, 0x8, 0x8, 0x7, 0xff, 0xc,
    0xc1, 0xc0, 0x3f, 0xa6, 0x7e, 0x9, 0x9f, 0xc2,
    0x4, 0x5e, 0x50, 0x57, 0x22, 0xf0, 0x2, 0xef,
    0xca, 0xa3, 0x7b, 0xbf, 0x8, 0x7, 0x85, 0x30,
    0x3, 0xff, 0x87, 0x20, 0xc0, 0x1f, 0xfc, 0x22,
    0x78, 0x0, 0xff, 0xe1, 0xf, 0x93, 0x80, 0x7e,
    0xe2, 0x0, 0x8b, 0xf, 0xc0, 0x3f, 0x10, 0x80,
    0x4f, 0xa1, 0x84, 0x1, 0x22, 0xae, 0x80, 0x20,
    0xe8, 0x7d, 0x20, 0xa, 0x4e, 0xab, 0x2c, 0x80,
    0x33, 0xa0, 0x3, 0x97, 0xbf, 0xf9, 0x80,

    /* U+662F "是" */
    0x0, 0x88, 0xbf, 0xf8, 0x0, 0x1e, 0xdc, 0xff,
    0xfd, 0x9a, 0x1, 0xf5, 0x6e, 0xfe, 0x80, 0xf,
    0xd7, 0xdd, 0xfa, 0x40, 0x3f, 0x5f, 0x77, 0xe9,
    0x0, 0xfc, 0x46, 0x7f, 0xb8, 0x3, 0xe3, 0xaf,
    0xff, 0xc8, 0x60, 0x18, 0xcd, 0xff, 0xff, 0xc0,
    0x33, 0x0, 0x33, 0x3f, 0xf8, 0x80, 0xf, 0xfa,
    0xfb, 0xfc, 0xe5, 0xff, 0xf0, 0x7, 0x5a, 0x0,
    0x7f, 0xf0, 0xd4, 0x1c, 0x2, 0x2f, 0xfe, 0xc0,
    0xe, 0x90, 0xb0, 0x8, 0xb3, 0x3b, 0xc0, 0x32,
    0x9c, 0xb4, 0x0, 0x46, 0x7e, 0x0, 0x8e, 0x9d,
    0xad, 0xf9, 0x4d, 0x51, 0x3c, 0x22, 0xd5, 0x80,
    0x4e, 0x96, 0x3a, 0xbb, 0xf0, 0x8b, 0x28, 0x2,
    0x17, 0xbd, 0xff, 0xf8, 0x0,

    /* U+6682 "暂" */
    0x0, 0xc2, 0x1, 0xff, 0xc4, 0x2e, 0x50, 0xe,
    0x13, 0x69, 0xc3, 0x0, 0x7f, 0xb4, 0x2b, 0xfe,
    0x5f, 0xee, 0x68, 0x51, 0x0, 0x3a, 0x43, 0x31,
    0xbd, 0xc4, 0xd, 0xd5, 0xcb, 0x8, 0x0, 0xe2,
    0x8f, 0xe8, 0x46, 0x6, 0x11, 0xe0, 0x4, 0xd,
    0x79, 0xbf, 0xf9, 0x82, 0xfb, 0xb8, 0x82, 0x37,
    0x63, 0x6d, 0xd2, 0x87, 0xfa, 0xc3, 0xfc, 0x40,
    0x40, 0x2e, 0x2b, 0x72, 0x82, 0x1, 0xfb, 0xf7,
    0x52, 0x61, 0xdc, 0xd4, 0x0, 0xfd, 0xdf, 0xd8,
    0x48, 0xea, 0x9c, 0x1, 0xf8, 0x40, 0x45, 0x38,
    0x22, 0xd5, 0x11, 0x34, 0x80, 0x7b, 0x3a, 0xaf,
    0xb9, 0x9d, 0xd6, 0xc0, 0x7, 0xd1, 0xff, 0xfa,
    0x40, 0x3f, 0x47, 0xff, 0xe9, 0x0, 0xfd, 0x1f,
    0xff, 0xa0, 0x3, 0xf7, 0x91, 0x7e, 0x0, 0xfe,
    0x7d, 0xdf, 0xd0, 0x1, 0xf6, 0xff, 0xff, 0xb8,
    0x2,

    /* U+670D "服" */
    0x0, 0x2a, 0xf0, 0x89, 0x13, 0xe1, 0x0, 0x15,
    0x57, 0x2a, 0x5d, 0xfc, 0x80, 0x1b, 0xbf, 0xc0,
    0x1b, 0xff, 0x80, 0x3f, 0xf9, 0x8c, 0xee, 0x0,
    0xf3, 0x6e, 0x81, 0x80, 0x34, 0xcc, 0x1, 0xe7,
    0x9e, 0xe1, 0x80, 0x6f, 0xee, 0x0, 0x64, 0x42,
    0x83, 0xa9, 0x0, 0x61, 0x0, 0xf5, 0xdf, 0xa4,
    0x0, 0x20, 0x1f, 0xa4, 0xff, 0xe2, 0xd0, 0xd,
    0xff, 0x0, 0x67, 0x33, 0x1, 0x93, 0x80, 0x18,
    0x2a, 0xa0, 0xc, 0x2d, 0x1, 0x2a, 0x20, 0x3,
    0x32, 0xac, 0x1, 0xd0, 0x92, 0xb0, 0x1, 0x7b,
    0x0, 0x7e, 0x18, 0x66, 0x10, 0x4, 0xba, 0x1,
    0xf8, 0x68, 0x5c, 0x80, 0x2, 0x68, 0x28, 0x80,
    0xc, 0x9e, 0xdc, 0x9a, 0xc0, 0x48, 0x63, 0x76,
    0x34, 0x0, 0x1c, 0xd8, 0x54, 0x50, 0x9d, 0x80,
    0x3f, 0xd8, 0xb, 0xee, 0xe0, 0x9, 0xf0, 0x40,

    /* U+672A "未" */
    0x0, 0xfc, 0x20, 0x1f, 0xfc, 0x5f, 0x80, 0xf,
    0xfe, 0x81, 0x17, 0x84, 0x44, 0x5c, 0x20, 0x1b,
    0xb7, 0x78, 0x1b, 0x77, 0xa4, 0x3, 0x76, 0xef,
    0x3, 0x6e, 0xf4, 0x80, 0x62, 0x2f, 0x8, 0x88,
    0xb8, 0x40, 0x3f, 0xf9, 0x3, 0xff, 0xf0, 0xbf,
    0xff, 0xac, 0x6, 0x67, 0xc0, 0x12, 0x4c, 0xf7,
    0x80, 0x19, 0xbb, 0xc4, 0x9, 0x15, 0x9b, 0x20,
    0x7, 0xa5, 0xb4, 0x55, 0xf0, 0xc0, 0x3f, 0xa9,
    0xac, 0xc0, 0x10, 0xd8, 0xa0, 0x1e, 0x3d, 0x4c,
    0x40, 0xd, 0x2f, 0x52, 0x1, 0xc, 0xe3, 0x79,
    0x80, 0x7a, 0x2d, 0xf9, 0x80, 0x9, 0x36, 0x20,
    0x1f, 0x93, 0xd3, 0x0, 0x75, 0x80, 0x3f, 0xe1,
    0xaa, 0x0,

    /* U+6743 "权" */
    0x0, 0xc4, 0x1, 0xff, 0xc4, 0x3d, 0x20, 0xf,
    0xfe, 0x39, 0x3b, 0xfe, 0x40, 0xf, 0xcf, 0x13,
    0x55, 0xd1, 0xe0, 0x4, 0x48, 0x11, 0xe, 0xaf,
    0xbb, 0xc6, 0x60, 0x2b, 0xb4, 0x4, 0xdd, 0x62,
    0x0, 0x71, 0xe0, 0x17, 0xf9, 0x43, 0x3e, 0x14,
    0x84, 0x2, 0x50, 0x40, 0xc, 0xa1, 0xc2, 0x6,
    0x2e, 0x1, 0x7a, 0x80, 0x65, 0x10, 0x6c, 0x10,
    0x7a, 0x0, 0xa, 0xf0, 0x6, 0x97, 0x9, 0x1d,
    0xa, 0x33, 0x4, 0x12, 0x0, 0x48, 0x74, 0x0,
    0xe7, 0x3, 0x34, 0x13, 0x40, 0x6, 0x97, 0x0,
    0x8a, 0xc0, 0x10, 0x98, 0x6a, 0x1, 0x39, 0x48,
    0x7, 0xc8, 0x43, 0x0, 0x19, 0xa8, 0x40, 0x3e,
    0xa2, 0x25, 0x10, 0x4, 0x2a, 0x1, 0xe1, 0xc5,
    0xbc, 0x3c, 0x40, 0xf, 0xc3, 0x1c, 0x3a, 0x83,
    0x8b, 0x70, 0x1, 0xf0, 0xa4, 0x69, 0x0, 0x6,
    0xe1, 0x4, 0x2, 0x3f, 0x20, 0xc7, 0x0, 0xf3,
    0xe0, 0x80,

    /* U+6838 "核" */
    0x0, 0x89, 0x40, 0x3c, 0x44, 0x0, 0xfc, 0x96,
    0x1, 0xee, 0x90, 0xf, 0xfe, 0x24, 0xa0, 0x80,
    0x7f, 0xd1, 0x55, 0x70, 0x55, 0x61, 0xa, 0xd8,
    0x1d, 0xdb, 0x30, 0x29, 0x3b, 0x99, 0x0, 0x3a,
    0xd4, 0x2e, 0x15, 0x9d, 0x65, 0x9b, 0x84, 0x11,
    0x80, 0x8, 0xa0, 0xb, 0x26, 0x3, 0xd2, 0x0,
    0xe4, 0xe, 0x0, 0x3a, 0xf8, 0x97, 0x39, 0x0,
    0x65, 0x1, 0x76, 0x64, 0x6, 0x76, 0x85, 0x80,
    0x74, 0xa0, 0x45, 0xbd, 0xee, 0x90, 0x7c, 0x5d,
    0x0, 0x6, 0x6d, 0x3, 0xf1, 0x40, 0xe6, 0xc2,
    0x58, 0x10, 0x7, 0xb0, 0x4, 0x40, 0xfa, 0xd8,
    0x47, 0x4c, 0xa0, 0x25, 0x0, 0x1a, 0x26, 0xa8,
    0x27, 0xab, 0x20, 0x1, 0xc1, 0x0, 0xd1, 0xca,
    0xf, 0x83, 0x80, 0x18, 0x80, 0x3e, 0x4d, 0x9a,
    0xa4, 0xd0, 0x7, 0xe1, 0x6d, 0xb5, 0xf5, 0x56,
    0x25, 0x80, 0x7c, 0x50, 0xbd, 0x2, 0x0, 0x3c,
    0x20, 0xc, 0xdc, 0x7, 0xd0, 0x20, 0x1c, 0x52,
    0x0,

    /* U+6B63 "正" */
    0x49, 0x9f, 0xfe, 0x12, 0x0, 0xaa, 0xf9, 0x19,
    0x57, 0xc2, 0xb, 0x99, 0xe8, 0xd, 0xcc, 0xe5,
    0x0, 0xff, 0xe4, 0x9, 0x80, 0x7f, 0xf0, 0xdb,
    0x40, 0x3f, 0xf9, 0x5f, 0xdd, 0xa8, 0x3, 0xfe,
    0x98, 0x8d, 0xc0, 0x1f, 0xf3, 0x37, 0x20, 0x7,
    0xff, 0xea, 0xae, 0x86, 0xee, 0x90, 0xab, 0xbf,
    0x1, 0x8b, 0xa8, 0x8c, 0xca, 0x23, 0xf0, 0x0,

    /* U+6B65 "步" */
    0x0, 0xfc, 0x24, 0x1, 0xff, 0xc3, 0x9d, 0x0,
    0xff, 0x15, 0x88, 0x6, 0x33, 0xe0, 0xe, 0x14,
    0x30, 0xd, 0x99, 0xc6, 0x1, 0xff, 0x77, 0x71,
    0x80, 0x7f, 0xc2, 0x3c, 0x1, 0x4d, 0x40, 0x4d,
    0x51, 0x42, 0xab, 0xd0, 0x1, 0xa, 0x88, 0x7,
    0xf8, 0x42, 0x6a, 0xac, 0xba, 0x51, 0xaa, 0xd3,
    0x52, 0x1, 0x9e, 0x48, 0x3, 0xcb, 0x86, 0x1,
    0x96, 0x20, 0x60, 0x1c, 0x36, 0x86, 0x1, 0x35,
    0x33, 0x80, 0x70, 0xe0, 0x50, 0x4, 0x52, 0xd2,
    0x1, 0xc7, 0x87, 0x82, 0x1, 0x16, 0xc8, 0x6,
    0xc3, 0xc1, 0xf2, 0x0, 0xe2, 0x0, 0x8e, 0x6c,
    0xa3, 0x4, 0x3, 0xc6, 0xd5, 0xd8, 0xee, 0xe7,
    0x0, 0xfb, 0x31, 0x2c, 0xcc, 0xe8, 0x10, 0xf,
    0xdd, 0x9f, 0x90, 0x60, 0x1f, 0xe0,

    /* U+6D88 "消" */
    0x0, 0xff, 0x88, 0x3, 0xc7, 0x66, 0x0, 0x23,
    0x0, 0x26, 0x88, 0x1, 0xc4, 0x8, 0x72, 0x1,
    0x74, 0x40, 0x39, 0x60, 0xc0, 0x6a, 0x8c, 0x2e,
    0x70, 0x1, 0xd0, 0xe4, 0x1, 0x2f, 0x8, 0x43,
    0x0, 0x66, 0x38, 0x0, 0xfc, 0xba, 0x1, 0x9b,
    0xc0, 0x7, 0xd0, 0x1, 0x2f, 0xef, 0xd8, 0x77,
    0xf5, 0x81, 0xd2, 0xe9, 0x0, 0x57, 0x7e, 0x40,
    0x9, 0x35, 0x4c, 0x2, 0x44, 0xf1, 0x0, 0x74,
    0x8, 0x5, 0xff, 0xe6, 0x0, 0xf2, 0x80, 0x59,
    0x9e, 0x50, 0xe, 0x6a, 0x0, 0x8c, 0xfe, 0x0,
    0xeb, 0x70, 0xb, 0xbb, 0xcc, 0x1, 0x98, 0xa4,
    0x2, 0xaa, 0xf2, 0x0, 0x68, 0x71, 0x0, 0x91,
    0x3c, 0x40, 0x14, 0x8c, 0x80, 0x7e, 0x33, 0x10,
    0x5, 0xf0, 0x20, 0x1f, 0xa3, 0x13, 0x40, 0xc,
    0xe0, 0x12, 0xf8, 0x6, 0xbf, 0xf3, 0x0,

    /* U+6E05 "清" */
    0x0, 0xff, 0x84, 0x3, 0xf5, 0x28, 0x7, 0x9f,
    0xc0, 0x3f, 0x6d, 0x59, 0x66, 0x69, 0x1c, 0xcd,
    0x0, 0x13, 0xe8, 0x9f, 0xfe, 0x61, 0xff, 0xd4,
    0x1, 0x8a, 0x85, 0x22, 0x25, 0x18, 0x8c, 0x1,
    0xf9, 0x7f, 0xe4, 0x1f, 0xfc, 0x40, 0xd, 0xb1,
    0x3, 0x71, 0x18, 0xc4, 0x79, 0x44, 0x25, 0xb9,
    0x2f, 0xbb, 0xa, 0x77, 0x71, 0x2, 0x6a, 0xbc,
    0x5d, 0x57, 0xeb, 0xb1, 0x80, 0x54, 0x61, 0x1d,
    0xdf, 0xa0, 0x3, 0xc8, 0x0, 0x3f, 0xff, 0x20,
    0x7, 0x8e, 0xc8, 0xf, 0xff, 0xc8, 0x1, 0xe8,
    0x42, 0x3, 0xee, 0xf2, 0x0, 0x71, 0xa7, 0x80,
    0x4, 0x8b, 0xce, 0x1, 0xd0, 0x68, 0x0, 0x2e,
    0xef, 0x18, 0x6, 0x44, 0x40, 0x4, 0x7b, 0xbb,
    0xf8, 0xc0, 0x32, 0xba, 0x0, 0x7e, 0xbc, 0x1c,
    0x0, 0x0,

    /* U+7259 "牙" */
    0x0, 0x1a, 0xaf, 0xff, 0x4, 0x2, 0x8a, 0xaf,
    0xfe, 0x9, 0x0, 0x2f, 0xfb, 0xff, 0xd0, 0x3f,
    0xf1, 0x0, 0x47, 0xc4, 0x1, 0xff, 0xc2, 0x41,
    0x20, 0xf, 0xfe, 0x16, 0x20, 0x7, 0xff, 0xd,
    0x30, 0x3, 0xff, 0x84, 0x61, 0x3f, 0xfe, 0x81,
    0xff, 0xc0, 0x1, 0x9a, 0xae, 0x60, 0x20, 0xaa,
    0xc0, 0x2, 0x65, 0x5c, 0xc, 0xf4, 0x2a, 0xb8,
    0x3, 0xe8, 0xa8, 0x80, 0x7, 0xfc, 0x7a, 0xd6,
    0xe0, 0x1f, 0xe2, 0xbc, 0x7f, 0x40, 0xf, 0xe5,
    0xbd, 0x7b, 0xa1, 0x0, 0xff, 0x68, 0x5e, 0x20,
    0x0, 0x95, 0x5a, 0x1, 0xe8, 0xb4, 0x0, 0xea,
    0xa2, 0x40, 0x6,

    /* U+7406 "理" */
    0x2, 0x2e, 0x4, 0x4f, 0xe1, 0x2, 0xdd, 0xe7,
    0xa8, 0xee, 0x5c, 0x77, 0x2d, 0xc0, 0xb7, 0x41,
    0x1a, 0xc1, 0x35, 0x42, 0x8a, 0xa0, 0x80, 0x44,
    0x40, 0x22, 0x8, 0x7, 0xff, 0x1e, 0xbf, 0xc5,
    0x7f, 0xe1, 0x0, 0xff, 0x46, 0xe8, 0x67, 0x74,
    0x20, 0x15, 0x58, 0x4d, 0x88, 0x11, 0x46, 0x45,
    0x0, 0x61, 0x70, 0x17, 0x30, 0x23, 0x3f, 0x8,
    0x5, 0x78, 0x11, 0x84, 0x71, 0x98, 0x18, 0xcc,
    0x1, 0x80, 0x7e, 0xdf, 0xf8, 0x27, 0xfe, 0x50,
    0xf, 0xc2, 0x38, 0x4, 0x78, 0x3, 0x8d, 0x53,
    0xbb, 0x4, 0x77, 0x50, 0x0, 0x26, 0x9, 0xa2,
    0xdd, 0xc1, 0x1b, 0xb4, 0x1, 0xec, 0x2d, 0xfb,
    0x11, 0x60, 0x12, 0x28, 0x40, 0xef, 0xa9, 0x11,
    0x11, 0xc1, 0xb1, 0x18, 0x41, 0x0, 0x21, 0x33,
    0xe4, 0x3, 0x3e,

    /* U+7528 "用" */
    0x0, 0x1d, 0xd5, 0x7f, 0xae, 0x0, 0xc, 0x80,
    0x19, 0x5c, 0x3, 0x32, 0x0, 0x6a, 0xac, 0x35,
    0x5c, 0xa0, 0x1f, 0xfc, 0x9e, 0xec, 0x31, 0xdd,
    0x9c, 0x3, 0xa2, 0x30, 0x2c, 0x46, 0x40, 0xe,
    0x66, 0xc3, 0xac, 0xd8, 0xc0, 0x3f, 0xf8, 0xe6,
    0xa, 0xb8, 0x75, 0x57, 0x10, 0x5, 0xc1, 0x55,
    0x81, 0x6a, 0xb2, 0x80, 0x44, 0xbf, 0xf8, 0x63,
    0xff, 0x38, 0x4, 0x9a, 0x1, 0xff, 0xc1, 0x51,
    0x50, 0xf, 0xfe, 0xc, 0x21, 0x0, 0x7c, 0x68,
    0x83, 0x3, 0x34, 0x80, 0x7e, 0xab, 0xb2, 0xd1,
    0xf1, 0x0, 0x77, 0x38, 0x4f, 0xfb, 0x98,

    /* U+7535 "电" */
    0x0, 0xf7, 0x38, 0x7, 0xff, 0xf, 0xc0, 0x3f,
    0x23, 0xb3, 0x61, 0x36, 0x6e, 0x30, 0x7, 0xc4,
    0xce, 0x4, 0x99, 0xea, 0x0, 0x97, 0xff, 0xb,
    0xff, 0xe2, 0x0, 0xff, 0xe4, 0x33, 0x70, 0x9b,
    0x36, 0x30, 0xc, 0x71, 0x18, 0x12, 0x23, 0x8,
    0x6, 0x5e, 0xec, 0x2f, 0xdd, 0x88, 0x3, 0xff,
    0x90, 0xbf, 0xf8, 0x5f, 0xff, 0x10, 0x6, 0x3a,
    0xac, 0xb, 0x55, 0xe1, 0xe, 0x95, 0x5c, 0x24,
    0xab, 0xc5, 0xc6, 0xaa, 0x0, 0xff, 0x88, 0x4,
    0x3, 0xc4, 0xac, 0xdd, 0x2, 0x40, 0x1e, 0x83,
    0x99, 0xe5, 0xb0,

    /* U+7559 "留" */
    0x0, 0xff, 0xe3, 0x9c, 0x6f, 0x9, 0x9f, 0xc2,
    0x19, 0xfa, 0x57, 0xe3, 0x99, 0xf3, 0x1, 0xc7,
    0x53, 0x8, 0x7f, 0x82, 0xbf, 0xca, 0x1, 0x8,
    0x16, 0x88, 0x0, 0x41, 0xc0, 0x21, 0x0, 0xc4,
    0xd6, 0x0, 0x71, 0x20, 0x3, 0x18, 0x4, 0x4c,
    0xea, 0x61, 0x6e, 0x1, 0x13, 0x20, 0x4e, 0xda,
    0x9c, 0xd1, 0xc1, 0xa2, 0x89, 0x32, 0x4e, 0xea,
    0x79, 0x93, 0x45, 0x6a, 0xdc, 0x4a, 0xdc, 0x8,
    0x81, 0xf8, 0x24, 0x99, 0x88, 0x0, 0xbb, 0x77,
    0x66, 0xef, 0x98, 0x3, 0x47, 0xfd, 0x23, 0xff,
    0x80, 0x3d, 0xe2, 0x38, 0x4, 0x62, 0x0, 0xf3,
    0xf7, 0x50, 0x3d, 0xd6, 0x80, 0x7a, 0x3f, 0xe9,
    0x1f, 0xfc, 0x1, 0xeb, 0x99, 0xb4, 0x66, 0x70,
    0x7, 0xf8, 0x98, 0x3, 0xfb, 0xf2, 0x67, 0xfb,
    0xd8, 0x0,

    /* U+77E5 "知" */
    0x0, 0xff, 0xe3, 0xa7, 0x8, 0x7, 0xff, 0xb,
    0xc, 0x40, 0x31, 0x3b, 0xf8, 0x80, 0xa, 0x75,
    0x59, 0xdd, 0x17, 0x7a, 0x10, 0xc, 0x91, 0x94,
    0x3, 0xb3, 0x30, 0x5, 0x27, 0x56, 0x35, 0x47,
    0x0, 0xfc, 0x4b, 0x0, 0x1f, 0xfc, 0x22, 0xe4,
    0x0, 0xff, 0xe1, 0x17, 0x7f, 0xa0, 0x7f, 0xec,
    0x0, 0xf8, 0xaa, 0xa4, 0x1a, 0xab, 0xc0, 0x3f,
    0x2a, 0xc0, 0x4a, 0xb1, 0x80, 0x7f, 0xca, 0x72,
    0x1, 0xff, 0xc1, 0x41, 0x96, 0x70, 0xf, 0xfe,
    0x4, 0x1b, 0x54, 0x30, 0x7, 0xfa, 0xe, 0x1,
    0x62, 0x4c, 0x3f, 0xf0, 0x4, 0xee, 0x54, 0x0,
    0x3e, 0x18, 0x55, 0x60, 0x0, 0xc2, 0x50, 0x6,
    0x30, 0x2, 0xae, 0x75, 0x1c, 0xb0, 0xf, 0x2f,
    0x80, 0x68, 0x30,

    /* U+7801 "码" */
    0x2, 0x2f, 0x0, 0x8f, 0xc0, 0x1, 0xdd, 0xf1,
    0x77, 0x7c, 0xa0, 0x3d, 0xc0, 0xae, 0xe1, 0x66,
    0x78, 0x4, 0x0, 0x24, 0x8, 0x22, 0x1, 0x93,
    0x38, 0x81, 0x80, 0x24, 0x21, 0x0, 0x99, 0x40,
    0x22, 0x3, 0x0, 0xb1, 0x40, 0x30, 0x88, 0x2,
    0x60, 0x10, 0x0, 0xa1, 0xcc, 0x94, 0x8, 0x80,
    0x11, 0x10, 0x2, 0x90, 0x9, 0x30, 0x3c, 0xc,
    0xed, 0x13, 0x31, 0x38, 0x7c, 0xa0, 0x0, 0x8f,
    0x32, 0x53, 0xcd, 0x62, 0x10, 0xe, 0xaf, 0xff,
    0x39, 0x27, 0x80, 0x7f, 0xf0, 0x49, 0x80, 0x80,
    0x39, 0xae, 0xfc, 0x4c, 0x40, 0x1f, 0x19, 0xfc,
    0x5, 0xc0, 0x15, 0xfb, 0x2, 0xc4, 0x78, 0x5,
    0x40, 0x29, 0xdd, 0x40, 0x6, 0x13, 0x2b, 0x13,
    0x0, 0x32, 0x11, 0x4, 0x3, 0xb3, 0x5a, 0xc0,
    0x28, 0x20, 0xf, 0x87, 0xfe, 0x50,

    /* U+786E "确" */
    0x0, 0xff, 0x20, 0x7, 0xcc, 0xde, 0x0, 0x25,
    0x88, 0x7, 0xae, 0xd3, 0x17, 0x61, 0x8, 0xc,
    0xdd, 0x58, 0x5, 0xba, 0xb, 0xdd, 0xa, 0x9d,
    0x4c, 0x80, 0x3c, 0x40, 0x80, 0x1, 0xb7, 0x54,
    0x2, 0x90, 0xc, 0x84, 0x20, 0xa, 0x11, 0x44,
    0x28, 0xaa, 0x14, 0x1, 0xa8, 0x0, 0x84, 0x15,
    0x23, 0x17, 0x26, 0xf0, 0x2, 0x14, 0x43, 0x70,
    0xea, 0x9e, 0x35, 0x44, 0x0, 0x38, 0x2a, 0x9f,
    0x4c, 0x38, 0x84, 0x44, 0x41, 0x0, 0x48, 0x5e,
    0xa8, 0x4, 0xfb, 0x41, 0xba, 0x40, 0x20, 0x10,
    0xf, 0x4f, 0xd8, 0xff, 0x94, 0xb, 0x4c, 0x3,
    0x8c, 0x3, 0xf8, 0xc0, 0x3c, 0x33, 0xf6, 0x3f,
    0xe5, 0x0, 0xfc, 0x61, 0xbd, 0x41, 0xdc, 0x50,
    0xd, 0x5e, 0xa1, 0x66, 0x42, 0x3c, 0x1, 0xd1,
    0xba, 0xa6, 0x90, 0xc, 0x24, 0x20, 0x12, 0xa1,
    0x12, 0x15, 0x40, 0x7, 0x55, 0x6a, 0x60, 0x2,
    0xc, 0x1, 0x56, 0x1, 0x1d, 0xa7, 0xf9, 0x80,

    /* U+79D2 "秒" */
    0x0, 0xff, 0xe0, 0x8, 0x7, 0xf1, 0x35, 0x88,
    0x4, 0xde, 0x1, 0xe7, 0xbe, 0xdb, 0x33, 0x0,
    0x7f, 0xf0, 0x32, 0x43, 0x20, 0x80, 0x3e, 0x10,
    0x9, 0xdc, 0x80, 0x18, 0xbc, 0x80, 0x29, 0xd0,
    0xe, 0x70, 0x30, 0x3, 0x1, 0x0, 0x56, 0x68,
    0x7, 0xfe, 0xb0, 0xdf, 0xac, 0x30, 0xc, 0x49,
    0xe0, 0x79, 0x85, 0x9, 0xc8, 0x44, 0x0, 0x77,
    0xa0, 0x81, 0x99, 0x2, 0xcc, 0xf, 0x0, 0x39,
    0x8, 0x80, 0x5, 0x0, 0x35, 0x8a, 0x20, 0x3,
    0x8b, 0x4c, 0x1, 0xc, 0x12, 0xad, 0x60, 0x1c,
    0x3a, 0xc0, 0x7, 0xb, 0x3, 0xd5, 0x0, 0xf5,
    0x93, 0x1, 0xc4, 0x80, 0x46, 0x1, 0x9b, 0x9d,
    0x78, 0x0, 0x4e, 0x80, 0x1f, 0xd3, 0x14, 0x60,
    0x1, 0x80, 0xf, 0xcd, 0xaf, 0x6a, 0x1, 0xfc,
    0x2b, 0x3d, 0xb, 0xc8, 0x1, 0xff, 0x41, 0xdf,
    0x40, 0x7, 0x80,

    /* U+7A0B "程" */
    0x0, 0xc4, 0xf4, 0x6, 0x7f, 0x84, 0x0, 0xf5,
    0xdb, 0x44, 0x3b, 0x99, 0xf2, 0x0, 0x3b, 0x64,
    0x3e, 0x4, 0x2b, 0xff, 0x80, 0x34, 0xba, 0x0,
    0x7f, 0xf0, 0xc4, 0x4e, 0xc, 0x20, 0x1f, 0xf1,
    0x77, 0x2c, 0x2f, 0x98, 0x2b, 0xff, 0x80, 0x22,
    0xdd, 0x30, 0x5e, 0xb6, 0x67, 0xe4, 0x0, 0x11,
    0x1c, 0x8, 0x82, 0x20, 0xf, 0x8c, 0x2, 0x50,
    0x4, 0x32, 0x66, 0x7e, 0xd0, 0xa, 0x24, 0x2a,
    0x43, 0xfe, 0x91, 0xff, 0xc0, 0x7, 0x4, 0x6,
    0xb4, 0x0, 0xff, 0x1c, 0x48, 0x4, 0x83, 0xdf,
    0xe9, 0x1f, 0xfa, 0x0, 0x59, 0x0, 0x3b, 0x73,
    0xe, 0x19, 0x94, 0x81, 0x48, 0x7, 0x8c, 0xee,
    0x13, 0x38, 0x40, 0x3f, 0xf9, 0xa5, 0xff, 0xa4,
    0x7f, 0xf2, 0x80,

    /* U+7B49 "等" */
    0x0, 0x90, 0x40, 0x38, 0xc8, 0x3, 0xf0, 0xdb,
    0x80, 0x76, 0xa8, 0x7, 0xe8, 0xb, 0xdd, 0xaa,
    0x6, 0xb7, 0x78, 0x0, 0x8d, 0x2, 0x28, 0x81,
    0x3b, 0xac, 0x92, 0x22, 0x2, 0xa5, 0x79, 0x35,
    0x59, 0x21, 0x9d, 0xca, 0xb0, 0x15, 0xd0, 0x2e,
    0x0, 0x18, 0x40, 0x11, 0x40, 0x1c, 0xaa, 0xff,
    0x67, 0xf9, 0x17, 0xfe, 0xbf, 0x70, 0xc, 0x99,
    0x9c, 0x69, 0x99, 0xcc, 0x1, 0x84, 0xcf, 0x9c,
    0x4c, 0xf8, 0x40, 0x5, 0xff, 0xf2, 0x2f, 0xff,
    0xc6, 0x59, 0x9f, 0xeb, 0x7, 0xcc, 0x8c, 0x4,
    0x3, 0xff, 0x84, 0x20, 0xa, 0xcc, 0xfe, 0xb0,
    0x7c, 0xc4, 0x0, 0x23, 0xfc, 0xc7, 0xbf, 0xfc,
    0x15, 0xfe, 0xa0, 0xe, 0x96, 0xd5, 0x0, 0xff,
    0xe1, 0xd4, 0x48, 0x19, 0x90, 0x3, 0xff, 0x80,
    0xf8, 0x11, 0x96, 0x48, 0x1, 0xff, 0xc1, 0xbf,
    0xf6, 0x88, 0x6,

    /* U+7C7B "类" */
    0x0, 0x85, 0x40, 0x28, 0xa0, 0x9, 0x50, 0x3,
    0xc5, 0x4e, 0x0, 0x16, 0x0, 0x15, 0x18, 0x7,
    0x8e, 0xa0, 0xc0, 0x3b, 0xd5, 0xc0, 0x31, 0xb3,
    0xd, 0x15, 0x94, 0x59, 0x8f, 0x8c, 0xc5, 0x0,
    0x25, 0xdc, 0xd7, 0x26, 0x53, 0x6f, 0x77, 0x48,
    0x1, 0xf7, 0x75, 0x81, 0x0, 0x1b, 0xb7, 0x6c,
    0x0, 0xe2, 0xb8, 0xb4, 0x3e, 0x2c, 0xb2, 0x0,
    0xe4, 0xad, 0x1f, 0x40, 0x0, 0xce, 0x8e, 0xd0,
    0x80, 0x22, 0xc3, 0x28, 0x43, 0x10, 0x0, 0x55,
    0x8d, 0x0, 0x8, 0xea, 0x30, 0xb, 0xd0, 0x3,
    0x1e, 0x48, 0x0, 0xd1, 0x57, 0x91, 0xd5, 0x7c,
    0x80, 0x9, 0xaa, 0xf0, 0xa5, 0x57, 0xc0, 0xa,
    0xff, 0xe4, 0x25, 0x2e, 0xff, 0xdc, 0x1, 0xe1,
    0xb4, 0x9a, 0xc, 0x30, 0xf, 0xc5, 0x1e, 0xb6,
    0x81, 0x8d, 0x94, 0x80, 0x1a, 0x7b, 0x59, 0x9e,
    0x80, 0x1, 0xba, 0x6b, 0xfc, 0x20, 0xd9, 0xce,
    0x81, 0x0, 0xe5, 0xcd, 0x9b, 0x20,

    /* U+7CFB "系" */
    0x0, 0xff, 0xe0, 0x88, 0x7, 0xc2, 0x48, 0xaf,
    0x59, 0xfc, 0x40, 0xa, 0xde, 0xfe, 0xdb, 0xb8,
    0x2e, 0xb4, 0x80, 0x1d, 0x15, 0x94, 0xd, 0xd9,
    0x4e, 0xa4, 0x1, 0x22, 0xa3, 0xd3, 0xc8, 0x0,
    0xf5, 0x40, 0x3c, 0xf7, 0x50, 0x0, 0x7c, 0x75,
    0x0, 0xeb, 0x81, 0x8e, 0xe7, 0xcd, 0x50, 0x3,
    0xdb, 0x37, 0xa, 0x2d, 0xea, 0xcc, 0x0, 0xe6,
    0x60, 0x5b, 0xe4, 0x88, 0x14, 0xb0, 0x6, 0x6d,
    0xa7, 0x95, 0x78, 0x9f, 0x19, 0x50, 0x6, 0xc9,
    0x2, 0x4d, 0xc0, 0xf6, 0xdc, 0x51, 0x87, 0x6f,
    0xf6, 0xe5, 0xc, 0xba, 0x2b, 0xb9, 0x80, 0xc9,
    0xb9, 0x0, 0x31, 0x6d, 0x4, 0x28, 0x1, 0xa5,
    0xd0, 0x3, 0x16, 0x26, 0x8, 0x2, 0x25, 0xe0,
    0x3, 0xc7, 0xe3, 0xe4, 0x8d, 0x30, 0x8, 0x8e,
    0x0, 0xc3, 0x85, 0x69, 0xcc, 0x0, 0x8b, 0x66,
    0x0, 0x61, 0xc9, 0x0, 0xec, 0xff, 0x40, 0x7,
    0xc0,

    /* U+7D20 "素" */
    0x0, 0xfc, 0x82, 0x1, 0xff, 0xc3, 0xa7, 0x0,
    0xfc, 0xbf, 0xfe, 0x19, 0xff, 0xf0, 0x1, 0x7b,
    0xbc, 0x11, 0xdd, 0xe0, 0x9, 0x77, 0x78, 0x27,
    0x77, 0x84, 0x2, 0x5f, 0xfe, 0x6, 0xff, 0xe0,
    0x1, 0x55, 0xcc, 0xf0, 0x24, 0xcf, 0x54, 0x1e,
    0xef, 0x2, 0xa5, 0xee, 0xfb, 0x85, 0xde, 0x4d,
    0x48, 0xb7, 0x5c, 0xc3, 0xbc, 0xc0, 0x16, 0x61,
    0x4a, 0xb7, 0xf4, 0x64, 0x3, 0xe9, 0xac, 0xb0,
    0x26, 0xda, 0xb6, 0x0, 0xf3, 0x96, 0xd5, 0x3a,
    0x4c, 0xbe, 0x68, 0x2, 0x4d, 0xd4, 0x9, 0xcf,
    0x7f, 0xd4, 0x8f, 0x82, 0xb, 0x75, 0x48, 0xcf,
    0x64, 0xed, 0xfb, 0xd5, 0x0, 0xb, 0x5, 0xe9,
    0x8, 0x4, 0xbb, 0x89, 0x22, 0xd, 0xb7, 0x6a,
    0x33, 0x10, 0x1, 0x7a, 0xed, 0x84, 0x1f, 0x5c,
    0xa1, 0x98, 0x5d, 0x0, 0x9f, 0x94, 0x1, 0x2e,
    0x1, 0x7f, 0xb9, 0x80, 0x30, 0xc9, 0x0,

    /* U+7EDD "绝" */
    0x0, 0xff, 0x8, 0x7, 0xfd, 0xca, 0x1, 0xf,
    0x28, 0x7, 0xf3, 0xa, 0x0, 0x52, 0x2, 0x66,
    0x20, 0xf, 0x5b, 0x8, 0x0, 0x9c, 0x2f, 0x32,
    0x0, 0xe6, 0x28, 0x1, 0xe, 0x3f, 0xf8, 0x60,
    0x3, 0xa2, 0x45, 0xfa, 0x8e, 0x4c, 0xd2, 0x6a,
    0x60, 0x15, 0x0, 0x1e, 0x1d, 0x82, 0xb3, 0xc,
    0x59, 0x83, 0x3, 0x50, 0xa8, 0x48, 0xc2, 0x9f,
    0xb1, 0xff, 0x0, 0x47, 0xbd, 0x63, 0x40, 0x1f,
    0xfc, 0x12, 0x38, 0xd1, 0x0, 0xff, 0xe0, 0x96,
    0xaa, 0xa7, 0xc, 0x2a, 0x90, 0x35, 0x40, 0x8,
    0x70, 0x56, 0x82, 0x4c, 0x1c, 0x91, 0xc8, 0x8e,
    0x40, 0x33, 0x9f, 0x92, 0xa0, 0xd, 0x88, 0xf0,
    0x80, 0x1c, 0xc0, 0x2, 0xa6, 0x1, 0xf9, 0x40,
    0x6, 0xf5, 0xdc, 0x86, 0x0, 0xf8, 0x68, 0x89,
    0x94, 0x77, 0xda, 0xa3, 0x86, 0x7d, 0x20, 0x44,
    0xed, 0x95, 0x10, 0x4, 0xa6, 0x67, 0x3c, 0x0,

    /* U+7EDF "统" */
    0x0, 0xff, 0xe4, 0x8f, 0xa8, 0x6, 0x1f, 0x40,
    0xf, 0xcc, 0x8, 0x1, 0x85, 0x20, 0x3, 0xf4,
    0xb0, 0x82, 0xc4, 0x40, 0x31, 0x18, 0x2, 0x71,
    0x81, 0x11, 0x19, 0x95, 0x18, 0xcf, 0x0, 0x6,
    0x24, 0x63, 0x1e, 0xe8, 0xda, 0xeb, 0xee, 0xc0,
    0xd, 0x22, 0x3b, 0x40, 0x2, 0x8e, 0x41, 0x2c,
    0x80, 0x6, 0x62, 0xa8, 0x45, 0x8, 0x4f, 0x2,
    0x63, 0xf0, 0x1, 0xe7, 0xb0, 0xd0, 0x5b, 0x86,
    0xfe, 0xe8, 0x4e, 0x0, 0x6, 0x8f, 0x42, 0x19,
    0xb, 0x3d, 0x91, 0xb6, 0x60, 0x3, 0xb3, 0xcb,
    0x87, 0x78, 0x44, 0x90, 0xb, 0x60, 0x38, 0x4,
    0x79, 0x60, 0x2, 0x10, 0xf, 0x85, 0xf3, 0xad,
    0xcc, 0x4, 0x8, 0x3, 0xf4, 0x18, 0xb, 0x38,
    0x20, 0x28, 0x7, 0x30, 0x1, 0x23, 0x7a, 0xc0,
    0x10, 0x82, 0x1, 0xd2, 0x65, 0x6a, 0xad, 0xd2,
    0xe1, 0x48, 0x0, 0x40, 0xcc, 0x4, 0x4d, 0xd4,
    0x10, 0x60, 0xe1, 0x0, 0x14, 0x33, 0x8, 0x20,
    0x40, 0x1b, 0xf4, 0xc0, 0x23, 0xef, 0xf5, 0x80,

    /* U+7EE7 "继" */
    0x0, 0x93, 0x40, 0x7, 0x20, 0x11, 0xd8, 0x7,
    0xdc, 0xc0, 0x6, 0x71, 0xc0, 0x76, 0x5, 0xa0,
    0x8, 0x57, 0xc0, 0x30, 0x88, 0xc0, 0x2f, 0xd0,
    0xa, 0xd, 0x0, 0x39, 0x6c, 0x2, 0x46, 0x0,
    0x13, 0x78, 0x46, 0x80, 0x56, 0x20, 0x4, 0x61,
    0x0, 0x4a, 0x99, 0x9e, 0xc0, 0x4, 0x14, 0x66,
    0x7b, 0x30, 0x14, 0x5f, 0xc4, 0x60, 0x5, 0x66,
    0x20, 0x73, 0x23, 0x19, 0xc8, 0xa, 0x0, 0xa3,
    0xfc, 0x21, 0x3f, 0xe3, 0x6, 0x18, 0xa1, 0x0,
    0xe7, 0x1, 0x84, 0x0, 0xde, 0xce, 0x8a, 0x1,
    0x14, 0xc1, 0xd5, 0x8, 0x1, 0x84, 0xdb, 0x3a,
    0x1, 0x73, 0x10, 0x23, 0x78, 0x1, 0x9e, 0xfb,
    0x60, 0x0, 0xa1, 0x0, 0x14, 0x50, 0x2, 0xa1,
    0x4, 0x4, 0x0, 0xba, 0x1, 0xce, 0x0, 0x36,
    0x8b, 0xef, 0x0, 0x84, 0x1d, 0xc0, 0x18, 0x77,
    0x41, 0xd9, 0xc0, 0x3f, 0xf6, 0x2f, 0xfc, 0xa3,
    0xd7, 0xa, 0x40, 0x97, 0x7f, 0xc8,

    /* U+7EED "续" */
    0x0, 0xd4, 0x20, 0x1d, 0x8e, 0x1, 0xf9, 0x50,
    0x40, 0x6, 0x71, 0x71, 0x9c, 0x1, 0xd2, 0xc0,
    0x1, 0xdd, 0x85, 0xb7, 0x60, 0xc, 0x87, 0x22,
    0x3, 0xdd, 0x14, 0x77, 0x40, 0x1a, 0x60, 0x69,
    0xe2, 0xaa, 0x2a, 0xaa, 0xe0, 0x0, 0xe0, 0xcc,
    0x46, 0xe2, 0x29, 0xd4, 0x88, 0xc2, 0x5, 0x5,
    0xd3, 0x21, 0x69, 0xd8, 0xb0, 0x88, 0x16, 0x81,
    0x45, 0xa9, 0xb0, 0x5, 0xd8, 0xae, 0x8, 0x28,
    0x0, 0x77, 0x2f, 0x0, 0x1e, 0x2e, 0xc0, 0x20,
    0x9c, 0x1, 0xe, 0xc3, 0xca, 0x38, 0x6b, 0x80,
    0x7e, 0xc1, 0x88, 0x3, 0xa6, 0xd2, 0x61, 0xa2,
    0x60, 0x3, 0x4e, 0xea, 0x46, 0xa9, 0x34, 0xa5,
    0x55, 0x48, 0x2, 0xd8, 0x85, 0xdb, 0xba, 0xb0,
    0xcd, 0xee, 0x68, 0x0, 0x5b, 0x3a, 0xdc, 0x0,
    0x56, 0xcf, 0x90, 0x1, 0xf, 0x42, 0x6e, 0x18,
    0x2e, 0xac, 0xa6, 0xad, 0x88, 0xd, 0xf4, 0x10,
    0x16, 0x54, 0x58, 0x0, 0xb1, 0xf0, 0x0, 0x80,
    0x18, 0x93, 0x5c, 0x3, 0xe, 0x58, 0x0,

    /* U+7F51 "网" */
    0x0, 0xff, 0xe1, 0x8, 0x37, 0xff, 0xff, 0x7,
    0x9c, 0x1, 0x77, 0xff, 0xc0, 0x10, 0x9, 0x13,
    0x13, 0xa2, 0x42, 0xe8, 0x1, 0xc6, 0x0, 0x96,
    0x20, 0x4, 0xa8, 0x7, 0x1e, 0x19, 0x3, 0x6a,
    0x81, 0xa8, 0x7, 0x1c, 0x6a, 0x91, 0xd5, 0x18,
    0xc, 0x3, 0xce, 0xb0, 0x80, 0xad, 0x28, 0x1,
    0xfa, 0x40, 0x40, 0x12, 0x2, 0x1, 0xf9, 0x45,
    0xc8, 0x10, 0x14, 0xc0, 0x3e, 0x98, 0x6e, 0x8,
    0x66, 0x70, 0x7, 0xa0, 0xda, 0x51, 0x8e, 0x20,
    0x46, 0x1, 0x95, 0xf8, 0x1, 0x73, 0x21, 0x16,
    0x98, 0x7, 0x49, 0x80, 0x15, 0x98, 0x0, 0x20,
    0xe, 0x56, 0x0, 0x9a, 0x40, 0xa, 0xb0, 0x80,
    0x7f, 0xf0, 0x3a, 0xa8, 0x6a,

    /* U+7F6E "置" */
    0x3, 0x3f, 0xfe, 0x10, 0x5, 0x9d, 0xfe, 0xdd,
    0x7f, 0xb7, 0x5f, 0xee, 0xc0, 0xd, 0x79, 0x85,
    0x6c, 0xc3, 0x2e, 0x62, 0x40, 0x3a, 0x37, 0x48,
    0xdb, 0xa6, 0x4d, 0xd5, 0x0, 0x6e, 0xfc, 0xc7,
    0x79, 0xaf, 0xf6, 0x63, 0xf8, 0x1, 0xdd, 0xf0,
    0xbf, 0x77, 0x98, 0x3f, 0xbb, 0xa8, 0x33, 0xbb,
    0xcc, 0x2, 0x27, 0xaa, 0xa4, 0x22, 0xab, 0x38,
    0x80, 0x6f, 0x78, 0x87, 0xe4, 0x46, 0x6e, 0x0,
    0xf1, 0xf7, 0x7e, 0x20, 0xf, 0x93, 0x77, 0xf1,
    0x80, 0x7c, 0x9b, 0xbf, 0x8c, 0x3, 0xe4, 0xdd,
    0xfc, 0x60, 0x1f, 0x26, 0xef, 0xe3, 0x0, 0xf9,
    0x37, 0x7f, 0x18, 0x6, 0xff, 0x32, 0x7f, 0xfe,
    0x37, 0xff, 0x0,

    /* U+8005 "者" */
    0x0, 0xf8, 0xc4, 0x3, 0xff, 0x87, 0xae, 0x1,
    0xc4, 0xa0, 0x1f, 0xfc, 0x21, 0xfe, 0x0, 0xa3,
    0xff, 0xc, 0xff, 0xdd, 0xa1, 0x40, 0x15, 0x5d,
    0xe0, 0x7b, 0xb8, 0xb, 0x4, 0x2, 0x24, 0x4c,
    0x3c, 0x8b, 0x7, 0xe2, 0x0, 0x19, 0x9f, 0xd,
    0x4f, 0x9b, 0xc4, 0xca, 0x0, 0xcf, 0xca, 0x6c,
    0xaa, 0x3, 0x38, 0x45, 0x55, 0xdc, 0xe3, 0x57,
    0x55, 0xd2, 0x1, 0x8e, 0xec, 0x14, 0xc6, 0x78,
    0x80, 0x32, 0x5e, 0x20, 0x15, 0xe6, 0x74, 0x80,
    0xf, 0x6c, 0x18, 0x3f, 0xfe, 0x40, 0x8, 0xeb,
    0x6f, 0x0, 0x8b, 0xe0, 0xe, 0x72, 0x0, 0xb7,
    0x7e, 0x40, 0xf, 0xef, 0xff, 0x90, 0x3, 0xf8,
    0xcf, 0xe7, 0x0, 0xfe, 0xcc, 0xf8, 0xc0, 0x3e,
    0x5e, 0xff, 0xfd, 0x60, 0x0,

    /* U+80FD "能" */
    0x0, 0x9, 0x0, 0x72, 0x8, 0x7, 0xeb, 0xc0,
    0x10, 0x0, 0xda, 0x80, 0x7c, 0x6b, 0x45, 0xc8,
    0x1, 0xc5, 0x18, 0x1, 0x72, 0xa1, 0x35, 0x0,
    0x5b, 0x7a, 0x72, 0x0, 0xa2, 0xa, 0xb4, 0x17,
    0x0, 0x2e, 0xf5, 0xa8, 0x0, 0x90, 0xf7, 0x52,
    0xd4, 0x0, 0x86, 0x10, 0x3, 0x4, 0x5c, 0xbb,
    0x24, 0x60, 0x7, 0x86, 0x48, 0x66, 0x7a, 0xcc,
    0x43, 0x11, 0x29, 0x2, 0x23, 0x18, 0x0, 0xd4,
    0x41, 0xda, 0xee, 0x68, 0x0, 0xae, 0x65, 0x0,
    0x10, 0xe7, 0xfd, 0xce, 0x1, 0x77, 0xfb, 0x40,
    0x2, 0xcc, 0x0, 0xc, 0x0, 0x6e, 0xff, 0x68,
    0x7, 0x14, 0xf2, 0x98, 0x4, 0x62, 0x30, 0x6,
    0x9d, 0x2a, 0xd3, 0x0, 0xb7, 0xb9, 0x80, 0x19,
    0x7a, 0xd4, 0x3, 0xbb, 0xfd, 0xc0, 0x1b, 0x4,
    0x2, 0xd3, 0x0, 0xc2, 0x40, 0x1, 0x3, 0x3c,
    0x84, 0x20, 0x1b, 0xf5, 0xc, 0x16, 0x33, 0x2b,
    0x52,

    /* U+81EA "自" */
    0x0, 0xe3, 0x30, 0x7, 0xfd, 0xb2, 0x1, 0xfe,
    0x21, 0xe0, 0xf, 0x67, 0x75, 0xa1, 0x5d, 0xdc,
    0xe4, 0x91, 0x9, 0x94, 0x47, 0xf, 0x86, 0xb3,
    0x7f, 0x8, 0x7, 0xff, 0xe, 0x3b, 0xbf, 0x84,
    0x0, 0xb1, 0x1f, 0xc0, 0x16, 0xb3, 0x7f, 0x8,
    0x7, 0xff, 0xe, 0x3f, 0xff, 0x84, 0x0, 0xb5,
    0x5f, 0xc0, 0x16, 0xaa, 0xff, 0x8, 0x7, 0xff,
    0xe, 0x3f, 0xff, 0x84, 0x0, 0xb5, 0x5f, 0xc0,
    0xf, 0xa5, 0x5f, 0xef, 0x80,

    /* U+84DD "蓝" */
    0x0, 0xe3, 0x10, 0xc, 0x44, 0x0, 0xff, 0x62,
    0x0, 0x6e, 0xb0, 0xe, 0x2f, 0xfc, 0x15, 0xff,
    0x8d, 0xbf, 0xf0, 0x16, 0x66, 0x8, 0xcc, 0xc4,
    0xb9, 0x98, 0x0, 0x67, 0xa9, 0x4c, 0xe6, 0x88,
    0x19, 0xe0, 0x8, 0xc4, 0x37, 0x80, 0x3, 0x42,
    0x40, 0x1f, 0x6b, 0x80, 0x72, 0x7, 0x4c, 0xe2,
    0x0, 0xff, 0x49, 0x90, 0x8, 0xc0, 0x1f, 0xe4,
    0x3e, 0xb6, 0xa8, 0x81, 0x0, 0x7f, 0x4b, 0x11,
    0xb7, 0x80, 0x78, 0x8c, 0x3, 0x74, 0x0, 0x24,
    0xd8, 0x3, 0xb1, 0xcb, 0x28, 0x84, 0xc8, 0xab,
    0x50, 0xe, 0x6d, 0xd5, 0xce, 0xef, 0xab, 0x4,
    0x3, 0x87, 0xfc, 0xaf, 0xfe, 0xc, 0xfc, 0x0,
    0xff, 0xe5, 0xb, 0x60, 0xb3, 0x46, 0xcc, 0xb,
    0x6b, 0x6, 0x60, 0x1c, 0xa8, 0x4c, 0x8d, 0x26,
    0x40, 0xf2, 0xe1, 0x12, 0x0,

    /* U+88C5 "装" */
    0x0, 0xe5, 0x0, 0xe4, 0x30, 0xf, 0x84, 0x6,
    0x88, 0x3, 0x45, 0x0, 0x79, 0xfd, 0x0, 0x3f,
    0xf8, 0x6f, 0x16, 0x60, 0x3b, 0xb8, 0xdb, 0x76,
    0xb0, 0x9, 0xb8, 0xc0, 0x62, 0x31, 0x24, 0x45,
    0xe0, 0x18, 0xec, 0x0, 0xab, 0x84, 0x95, 0x64,
    0x0, 0x25, 0xe8, 0x80, 0x7f, 0xf0, 0x4a, 0xcb,
    0x68, 0x0, 0xd9, 0x91, 0xbe, 0x64, 0xa0, 0x5d,
    0x24, 0x1, 0x2a, 0x22, 0xe2, 0x6e, 0xe6, 0x0,
    0x8, 0x0, 0x74, 0x8d, 0x49, 0xdf, 0xc6, 0x0,
    0xcc, 0xdd, 0x98, 0x35, 0xcc, 0xf8, 0x42, 0x67,
    0x90, 0xd4, 0x16, 0x66, 0xab, 0x91, 0x5, 0x59,
    0xbd, 0xa6, 0xe5, 0xd1, 0x46, 0xf1, 0x40, 0x9,
    0x1b, 0x8b, 0xec, 0xc, 0x99, 0x73, 0x16, 0x1,
    0x41, 0x45, 0x0, 0x80, 0x6, 0xdd, 0x2d, 0x40,
    0x36, 0x52, 0x90, 0x3d, 0xf7, 0x16, 0xa6, 0x3a,
    0xc, 0x3, 0xc, 0xe, 0xed, 0xe8, 0xd, 0xf2,
    0xbc, 0x1, 0x87, 0x7a, 0x98, 0xc0, 0x30, 0xbe,
    0xe8, 0x0,

    /* U+8BA4 "认" */
    0x0, 0x98, 0x3, 0xeb, 0xa0, 0xf, 0x86, 0xf4,
    0x40, 0x3f, 0xf8, 0x43, 0x81, 0x82, 0x1, 0xc6,
    0x1, 0xf8, 0x71, 0x4, 0x3, 0x38, 0x7, 0xf8,
    0x64, 0x3, 0xc2, 0x1, 0xe5, 0x59, 0x84, 0x3,
    0x84, 0x3, 0xea, 0xaa, 0x50, 0x3, 0x8c, 0x80,
    0x3d, 0xff, 0x0, 0x7c, 0x2e, 0x1, 0xff, 0xc3,
    0x30, 0x21, 0x0, 0xff, 0xe1, 0x28, 0xa, 0x0,
    0x7f, 0xf0, 0xb1, 0x1f, 0x80, 0x3f, 0xe2, 0x0,
    0x2e, 0xd2, 0x10, 0x7, 0xe3, 0xbe, 0x7, 0x7,
    0x33, 0x40, 0x7, 0xe9, 0xd, 0x28, 0x71, 0x8,
    0x55, 0x0, 0x74, 0x84, 0xd8, 0x79, 0x40, 0x1,
    0x1a, 0x90, 0x3, 0x7e, 0x30, 0x61, 0xf8, 0x6,
    0x94, 0xb3, 0x0, 0x98, 0xc0, 0x1d, 0xe4, 0x1,
    0xd7, 0x63,

    /* U+8BBE "设" */
    0x0, 0x12, 0x0, 0x61, 0x54, 0x49, 0x48, 0x3,
    0x92, 0xd4, 0x2, 0x5a, 0xbb, 0xaa, 0xc0, 0x39,
    0xa6, 0x94, 0x3, 0x7f, 0xc8, 0x1, 0xf3, 0x41,
    0x80, 0x4, 0x40, 0x1f, 0xfc, 0x7, 0x60, 0x7,
    0xa8, 0x7, 0xe1, 0x55, 0x31, 0x80, 0x19, 0x7c,
    0x2, 0x15, 0x78, 0x2, 0xaa, 0x4c, 0x82, 0x26,
    0x10, 0x2, 0x96, 0xc2, 0x3, 0xff, 0x20, 0x2,
    0xa8, 0xa4, 0x58, 0x62, 0x68, 0x3, 0xe3, 0xad,
    0xdf, 0xc2, 0x1, 0xf0, 0xd0, 0x67, 0x76, 0x34,
    0x10, 0xf, 0xca, 0x72, 0x23, 0x29, 0xc0, 0x7,
    0xfb, 0x95, 0xc0, 0xa9, 0xcc, 0x3, 0xe5, 0xc0,
    0x2a, 0x88, 0x62, 0xc0, 0x7, 0xcb, 0x54, 0x0,
    0x2a, 0x38, 0xc8, 0x7, 0x8d, 0xb, 0x18, 0x9f,
    0x96, 0xb, 0x64, 0xc0, 0x30, 0xa6, 0x1c, 0x6c,
    0xcb, 0xdf, 0x65, 0x33, 0x84, 0x0, 0x56, 0x21,
    0x59, 0xce, 0x20, 0x6, 0xdc, 0xa1,

    /* U+8BC1 "证" */
    0x0, 0x18, 0x7, 0xff, 0x10, 0xb2, 0x40, 0x3,
    0x11, 0xfc, 0xc0, 0x2, 0xd7, 0xb0, 0x34, 0x4c,
    0xce, 0x89, 0x78, 0x4, 0x58, 0x2, 0x59, 0x99,
    0x87, 0x32, 0x90, 0xc, 0x56, 0x20, 0x1f, 0xfc,
    0x2, 0x99, 0x90, 0x0, 0x2a, 0x1, 0xfc, 0x26,
    0x67, 0xc0, 0x2, 0x50, 0x7, 0xf1, 0xd5, 0x8,
    0x3, 0xf0, 0xff, 0xcc, 0x1, 0xff, 0xc1, 0x1a,
    0xa9, 0x0, 0x3f, 0xf8, 0x4a, 0xb1, 0x0, 0x7f,
    0xf3, 0x4c, 0x3, 0xff, 0x86, 0x7b, 0x0, 0x1f,
    0xfc, 0x22, 0x46, 0xa0, 0xf, 0xfe, 0xb, 0xb,
    0xdc, 0x48, 0x55, 0x14, 0x6a, 0xb0, 0x80, 0x16,
    0xa0, 0x5, 0x58, 0xcc, 0x8c, 0x67, 0x80,

    /* U+8BD5 "试" */
    0x0, 0xff, 0xe4, 0x2a, 0x80, 0x3f, 0x7a, 0xd1,
    0x80, 0x62, 0xa5, 0x0, 0xfe, 0xdd, 0x8, 0x4,
    0xf1, 0x48, 0x1, 0xf1, 0xba, 0xc0, 0x6, 0x78,
    0x54, 0x4f, 0x7, 0xa6, 0xe0, 0x7, 0x38, 0xd5,
    0xdf, 0x3, 0x5c, 0xd1, 0xa, 0xa9, 0x8c, 0x3b,
    0xff, 0x89, 0xff, 0xe2, 0x25, 0x52, 0x68, 0x3,
    0xe1, 0x10, 0x6, 0x3f, 0xf2, 0x0, 0x5, 0xdf,
    0x23, 0x98, 0x7, 0xf8, 0xea, 0x62, 0x8c, 0x98,
    0x3, 0xfc, 0x5b, 0x63, 0xaf, 0xc2, 0x1, 0xff,
    0xc4, 0x22, 0x0, 0x7f, 0xf1, 0x1c, 0xc, 0x4,
    0x3, 0xcd, 0x80, 0x1, 0x7b, 0x20, 0x50, 0xc3,
    0x0, 0x9d, 0xa1, 0x2a, 0xc2, 0xf0, 0x16, 0x80,
    0x88, 0x0, 0x53, 0x6f, 0xb3, 0xbe, 0xc7, 0xe,
    0x3e, 0x21, 0x0, 0x2d, 0xc8, 0x9c, 0xa8, 0x80,
    0x48, 0xe3, 0x0, 0x19, 0x0, 0x3f, 0xd1, 0xea,
    0x0,

    /* U+8BEF "误" */
    0x0, 0x28, 0x80, 0x42, 0x89, 0xf8, 0x3, 0x46,
    0x8, 0x1, 0x2e, 0xff, 0x8, 0x5, 0x81, 0x82,
    0x1, 0x7f, 0xf6, 0x0, 0x70, 0xe0, 0x18, 0x7,
    0xff, 0xc, 0x74, 0x80, 0x27, 0x7e, 0xa0, 0x8,
    0x55, 0x4c, 0x60, 0x6, 0x3b, 0xbe, 0x53, 0x0,
    0x15, 0x52, 0x64, 0x0, 0x3c, 0xcf, 0xc2, 0x7,
    0xfe, 0x50, 0xa, 0x6e, 0xff, 0x38, 0x7, 0xef,
    0x33, 0x94, 0xc, 0xf0, 0x7, 0xe6, 0x88, 0x83,
    0xa2, 0x24, 0x0, 0xf8, 0xd9, 0xb0, 0xeb, 0x36,
    0x0, 0xfa, 0xef, 0x40, 0x3d, 0xde, 0x10, 0xe,
    0x1d, 0xdc, 0x80, 0x3b, 0xb8, 0x40, 0x33, 0xff,
    0x80, 0xa, 0xab, 0x2a, 0x0, 0xf0, 0xa1, 0x4d,
    0x4, 0x53, 0xa6, 0xa5, 0x90, 0x6, 0x12, 0xc7,
    0x8f, 0x69, 0x80, 0x1f, 0x7d, 0xa0, 0xd, 0x86,
    0x19, 0x3c, 0xc0, 0x10, 0xe5, 0xe8, 0x0,

    /* U+8BF7 "请" */
    0x0, 0xff, 0x88, 0x3, 0xf4, 0x8, 0x7, 0x8b,
    0x48, 0x3, 0xe3, 0xf2, 0x4, 0xcc, 0xbc, 0x3f,
    0x32, 0x60, 0xa, 0xd7, 0x5, 0x7f, 0xe8, 0x8,
    0xff, 0x9c, 0x3, 0x5c, 0x8, 0xa6, 0x21, 0x21,
    0x31, 0x10, 0x80, 0x73, 0x0, 0x27, 0xfd, 0x41,
    0x5f, 0xe8, 0x0, 0x12, 0xa9, 0x88, 0x8, 0x59,
    0x84, 0x4, 0xcc, 0x12, 0x5, 0xaa, 0x4d, 0x7,
    0x66, 0x54, 0x35, 0x99, 0x81, 0xff, 0xc6, 0x0,
    0xce, 0xff, 0xf6, 0x77, 0x0, 0x3f, 0x4f, 0x77,
    0xb6, 0x80, 0x3f, 0xcb, 0xff, 0xca, 0x1, 0xff,
    0x2f, 0xff, 0x28, 0x7, 0xfc, 0xbf, 0xfc, 0xa0,
    0x1f, 0xa2, 0x40, 0x48, 0xb8, 0x40, 0x3c, 0x2e,
    0xef, 0x4, 0xcc, 0xe4, 0x0, 0xe5, 0x24, 0xe6,
    0x5, 0xee, 0xb7, 0x46, 0x60, 0xc, 0x95, 0x62,
    0x1, 0xe8, 0xc1, 0xd0, 0x0,

    /* U+8D25 "败" */
    0x0, 0x22, 0x78, 0x2, 0xb5, 0x0, 0xf1, 0xdd,
    0xf8, 0xc0, 0x8, 0x20, 0x1f, 0xf, 0xfe, 0x0,
    0x94, 0x1c, 0x8b, 0x0, 0x76, 0xb0, 0x6, 0xf0,
    0xcd, 0xdc, 0x60, 0x1f, 0xe5, 0xaf, 0xf5, 0xf,
    0x98, 0x7, 0xf3, 0x8a, 0x80, 0xc, 0x80, 0x3f,
    0xcf, 0x22, 0x1, 0x7a, 0x80, 0x7f, 0x88, 0xc9,
    0x40, 0xb, 0xe0, 0x1f, 0x18, 0x1, 0x72, 0xa4,
    0x4, 0xd0, 0x3, 0xc6, 0x20, 0x10, 0xb1, 0x99,
    0xc8, 0x80, 0x1e, 0x17, 0x0, 0xc2, 0xd1, 0x74,
    0x1, 0x85, 0xc, 0xc, 0x14, 0x40, 0x10, 0x84,
    0xc0, 0x18, 0xaa, 0xd1, 0x5e, 0x88, 0x2, 0x10,
    0x30, 0xe, 0x17, 0xf7, 0x85, 0x0, 0xa8, 0x93,
    0xc4, 0x2, 0x1d, 0x44, 0x14, 0xd1, 0xe, 0x36,
    0xd8, 0xfa, 0x0, 0x34, 0x2c, 0x0, 0xcc, 0x7f,
    0xc, 0x10, 0xc7, 0xb4, 0xe, 0xc0, 0xd, 0x2b,
    0xb8, 0x20, 0x14, 0xe2, 0x0,

    /* U+8F7D "载" */
    0x0, 0xe3, 0x30, 0x6, 0x51, 0x0, 0xff, 0x4c,
    0x80, 0x22, 0xa2, 0x6a, 0x0, 0xc3, 0xdd, 0x2a,
    0xbb, 0x96, 0x1, 0x3b, 0xac, 0x2, 0x1d, 0xd9,
    0x11, 0xba, 0x93, 0x0, 0xf, 0xb1, 0x80, 0x46,
    0x70, 0x88, 0xcc, 0x40, 0x7, 0x2, 0xd3, 0x0,
    0x7f, 0xe5, 0x57, 0xfd, 0xc1, 0x7f, 0xf8, 0x83,
    0xba, 0x57, 0xee, 0xe0, 0x9e, 0xec, 0x40, 0x66,
    0x25, 0xf3, 0x3c, 0x23, 0x83, 0xc, 0x1, 0x9b,
    0x81, 0x1b, 0xb9, 0x4b, 0xc1, 0xcc, 0x80, 0x1d,
    0xe3, 0x3f, 0x1d, 0xfe, 0x56, 0x20, 0xa6, 0x0,
    0xd0, 0x4c, 0x10, 0xa0, 0x11, 0x39, 0x9a, 0x80,
    0x21, 0x73, 0xff, 0x5, 0xff, 0x87, 0x4b, 0xd4,
    0x80, 0x21, 0xbd, 0xd8, 0x2b, 0x74, 0x28, 0x7,
    0x0, 0x1c, 0x84, 0x60, 0xd, 0x4a, 0x30, 0x2,
    0x90, 0x49, 0x6, 0x77, 0xf6, 0x2, 0x60, 0x3,
    0x45, 0x44, 0x1c, 0x42, 0x37, 0xbf, 0x82, 0x2a,
    0x7c, 0x7c, 0xb5, 0x84, 0xc1, 0xc, 0x40, 0x3a,
    0x43, 0x7, 0xc2, 0x5c, 0x3, 0xee, 0x40, 0x8c,
    0x10, 0x2c, 0xf8, 0x0,

    /* U+8FD1 "近" */
    0x0, 0xff, 0xe3, 0x8c, 0x88, 0x6, 0x22, 0x22,
    0xbd, 0x6f, 0xb8, 0x0, 0x4b, 0x4, 0x0, 0xbb,
    0xaa, 0x8c, 0x3a, 0xb7, 0x0, 0xac, 0x34, 0x3,
    0x7f, 0x6d, 0xcb, 0xa0, 0x7, 0x60, 0x90, 0x7,
    0xff, 0xc, 0x74, 0x80, 0x3f, 0xf9, 0x3b, 0xbf,
    0x90, 0x15, 0x98, 0xa0, 0x3, 0x7, 0x78, 0x49,
    0xdf, 0x4, 0x4c, 0xac, 0x0, 0x22, 0xaa, 0xa4,
    0x2a, 0xa3, 0xd, 0xf9, 0x0, 0xb8, 0x80, 0x3f,
    0xf8, 0x8a, 0xc0, 0x1f, 0xfc, 0x43, 0xc0, 0xf,
    0xfe, 0x1b, 0x3, 0x80, 0x7f, 0xf0, 0x3c, 0x42,
    0xd8, 0x40, 0x3f, 0xeb, 0x73, 0xd9, 0x80, 0xc,
    0xf2, 0x1, 0xd6, 0xb9, 0x8a, 0xba, 0x76, 0x55,
    0x38, 0x3c, 0x52, 0x80, 0xd1, 0x3, 0xe9, 0xdc,
    0x5d, 0xd1, 0x4a, 0xce, 0x14, 0x80, 0x11, 0x46,
    0x77, 0x76, 0xeb, 0x8,

    /* U+8FD4 "返" */
    0x1, 0x40, 0xf, 0x88, 0xd5, 0xea, 0xc4, 0x0,
    0xf6, 0xa0, 0x5, 0xff, 0xb7, 0x2e, 0xc1, 0x86,
    0x0, 0x67, 0xa3, 0x0, 0xaf, 0x37, 0xfb, 0x29,
    0xc8, 0x2, 0x84, 0xb0, 0x9, 0xc, 0x80, 0x3f,
    0xd7, 0x0, 0x13, 0xbf, 0xcc, 0x1, 0xfe, 0xbb,
    0xf4, 0xd8, 0x0, 0x55, 0x62, 0x3, 0xc, 0xcf,
    0x5, 0x0, 0xa, 0xaa, 0x50, 0x12, 0x1d, 0x50,
    0x3, 0x8b, 0x0, 0xf, 0xfc, 0x20, 0xe, 0x11,
    0x5d, 0x41, 0xc4, 0x88, 0x7, 0xe5, 0x50, 0x35,
    0xbe, 0x23, 0x0, 0x7e, 0x13, 0xc0, 0x3, 0x88,
    0x31, 0x0, 0x7e, 0x61, 0x50, 0x8c, 0x5d, 0xc,
    0x20, 0xf, 0xaa, 0x57, 0x9a, 0x6c, 0xb0, 0xb0,
    0x40, 0x3, 0x23, 0x7c, 0xeb, 0x3e, 0xc0, 0x1,
    0xcb, 0x10, 0x2c, 0x4b, 0x5c, 0xb8, 0x14, 0x55,
    0x99, 0xf6, 0x44, 0xc3, 0x12, 0x74, 0xcd, 0x76,
    0xab, 0xb4, 0x52, 0x90, 0x8b, 0x44, 0x0, 0x51,
    0x7b, 0xdf, 0xdd, 0x6e, 0xac, 0x0,

    /* U+8FDC "远" */
    0x0, 0xff, 0xe3, 0xd5, 0x90, 0x0, 0xbf, 0xff,
    0x70, 0x5, 0xf, 0xac, 0x5, 0x77, 0xfb, 0x40,
    0x22, 0xc6, 0xa0, 0x2, 0x27, 0xe3, 0x0, 0xe9,
    0xc0, 0xf, 0xfe, 0x33, 0x7f, 0xff, 0xc0, 0xbf,
    0xf2, 0xb7, 0x72, 0x43, 0xb8, 0x4f, 0xdd, 0x2,
    0x5d, 0x80, 0xc0, 0x44, 0x2, 0x30, 0x78, 0x8c,
    0x2, 0x88, 0x10, 0xd, 0xc4, 0x1, 0xff, 0xc4,
    0x45, 0x0, 0xff, 0xe1, 0xa1, 0xd0, 0x7, 0xf,
    0x0, 0x7c, 0x74, 0x86, 0x1, 0xc4, 0x20, 0x1e,
    0x7c, 0x5b, 0x0, 0x9a, 0x3f, 0x10, 0x2, 0x71,
    0xb2, 0xab, 0x0, 0xd7, 0x7c, 0x0, 0xb9, 0xab,
    0xae, 0x63, 0x22, 0xce, 0x2, 0xc4, 0x45, 0xd5,
    0x6e, 0x3b, 0xcd, 0xdd, 0x97, 0x52, 0x65, 0xe6,
    0x0, 0x18, 0xdf, 0xee, 0xdf, 0xf8, 0x40,

    /* U+8FDE "连" */
    0x0, 0xff, 0xe3, 0x9d, 0x0, 0x7a, 0xe4, 0x3,
    0xf1, 0x3d, 0x80, 0xc, 0xc8, 0x80, 0x33, 0xe2,
    0x0, 0xf, 0xa4, 0x8e, 0x62, 0xc1, 0xb3, 0x3a,
    0x0, 0x22, 0xa0, 0x1f, 0xf1, 0x37, 0xef, 0x7f,
    0xd4, 0x1, 0x96, 0x40, 0xa, 0x50, 0x1d, 0x0,
    0x1e, 0x11, 0x80, 0x28, 0x61, 0x0, 0xfc, 0x9d,
    0xd3, 0x3, 0x93, 0x7f, 0x8d, 0xbf, 0xe1, 0x4,
    0xdd, 0x8, 0x1, 0x26, 0xaa, 0x24, 0xaa, 0x84,
    0x0, 0x44, 0x0, 0x8d, 0x95, 0x61, 0x25, 0x58,
    0x3, 0xf1, 0x17, 0x9, 0x91, 0x60, 0xf, 0x2e,
    0xef, 0x12, 0xee, 0xe0, 0xf, 0x2f, 0x77, 0x12,
    0xf7, 0x60, 0xf, 0x84, 0x7c, 0x62, 0x38, 0x0,
    0x34, 0x34, 0x40, 0x1f, 0xfc, 0x2, 0xc4, 0x96,
    0xdb, 0x75, 0x44, 0x28, 0xab, 0x3b, 0x8c, 0x4f,
    0x1a, 0xac, 0x6a, 0x97, 0x66, 0x7a, 0x98, 0x91,
    0x3f, 0x20, 0x2, 0x56, 0xff, 0xbb, 0xff, 0xb8,
    0x80,

    /* U+9009 "选" */
    0x0, 0xff, 0xa, 0x0, 0x7c, 0xc8, 0x1, 0x8e,
    0x81, 0x6c, 0x40, 0x3d, 0xd6, 0xc0, 0x15, 0xb8,
    0x7, 0xfa, 0x21, 0x2a, 0x0, 0x62, 0xda, 0xc,
    0xdd, 0x88, 0x2, 0x75, 0x20, 0x80, 0xa8, 0x60,
    0xb8, 0x88, 0xc0, 0x35, 0x38, 0xb4, 0x2a, 0xb0,
    0x1d, 0x56, 0x10, 0xf, 0xf, 0xb0, 0x7, 0xfc,
    0x67, 0xa, 0xe6, 0xed, 0x41, 0xfb, 0xb8, 0x4b,
    0x32, 0x77, 0x5d, 0x94, 0x9a, 0x45, 0xee, 0xe1,
    0x2f, 0xf0, 0x81, 0x33, 0x34, 0x21, 0x87, 0x19,
    0xa0, 0xf, 0xef, 0x30, 0xf, 0xfe, 0x19, 0x2d,
    0x0, 0x70, 0xe0, 0x7, 0xc7, 0x86, 0xc0, 0x1c,
    0x66, 0x0, 0xf3, 0xe2, 0xe0, 0x4, 0x53, 0xfa,
    0x60, 0x11, 0x8d, 0x95, 0xd8, 0x3, 0x6d, 0x55,
    0xa0, 0x8, 0xc5, 0xab, 0x86, 0x43, 0x38, 0x84,
    0x40, 0xe2, 0x26, 0x8a, 0x7f, 0x4b, 0xb6, 0x66,
    0xbb, 0x54, 0x8, 0xbd, 0xc0, 0x3, 0x1b, 0xfe,
    0xee, 0x7f, 0xee, 0x0,

    /* U+901A "通" */
    0x0, 0xf1, 0x19, 0xff, 0x0, 0x57, 0x40, 0x15,
    0x77, 0x7d, 0x98, 0x30, 0x4, 0xa5, 0x80, 0x23,
    0x6e, 0xb3, 0x78, 0x4b, 0xc, 0x0, 0x58, 0xb6,
    0x1, 0x16, 0xf6, 0x62, 0xf4, 0xc0, 0x31, 0x64,
    0x2, 0x39, 0xeb, 0x18, 0x63, 0xc1, 0x80, 0x62,
    0x30, 0xfa, 0xee, 0x10, 0x31, 0x73, 0xd8, 0x12,
    0xac, 0x40, 0x4, 0x99, 0x78, 0xcc, 0xc2, 0x0,
    0x4b, 0xb5, 0x20, 0x1, 0xbf, 0xd6, 0x3f, 0xf0,
    0x80, 0x1b, 0xb8, 0x20, 0x13, 0x7f, 0xa8, 0x7f,
    0xe1, 0x0, 0xfe, 0x31, 0x11, 0x88, 0xe0, 0xf,
    0xf2, 0xf7, 0x24, 0x3b, 0xa1, 0x0, 0xfe, 0x6f,
    0xf5, 0x8f, 0xfc, 0x20, 0x1f, 0xfc, 0x31, 0x10,
    0x78, 0x4, 0xe3, 0x44, 0x22, 0x0, 0x88, 0x37,
    0x8d, 0x0, 0x17, 0x57, 0x6d, 0x3d, 0x21, 0x5d,
    0x2e, 0xc9, 0x62, 0x45, 0xc4, 0x7d, 0x18, 0xde,
    0xeb, 0x75, 0x97, 0x60, 0x4f, 0x10, 0x1, 0x46,
    0xff, 0xbb, 0x9f, 0xfb, 0x88,

    /* U+914D "配" */
    0x56, 0x6f, 0x81, 0x15, 0x78, 0xc3, 0x2a, 0xe6,
    0xe2, 0xa8, 0x31, 0x55, 0xd2, 0x13, 0x9e, 0x5c,
    0x99, 0x81, 0xcf, 0xfc, 0xa0, 0x1, 0x26, 0x6,
    0x12, 0x10, 0xf, 0xe9, 0xdb, 0x2a, 0x4d, 0x80,
    0xf, 0xf3, 0x79, 0xd4, 0xb8, 0x7, 0xff, 0x1d,
    0x5d, 0xf3, 0x0, 0x61, 0x60, 0xe, 0x98, 0x99,
    0x8c, 0x3, 0x3e, 0x8, 0x8, 0x4, 0xdd, 0xd2,
    0x80, 0x45, 0x4c, 0xcc, 0x40, 0xf, 0xaa, 0xc0,
    0x5, 0x80, 0x54, 0xa0, 0x1f, 0x84, 0x0, 0xdf,
    0xf9, 0xc0, 0x3f, 0xe6, 0xee, 0xcc, 0x1, 0xfb,
    0x4c, 0x0, 0x23, 0xc0, 0x1f, 0x89, 0xc1, 0xbf,
    0xf3, 0x80, 0x1d, 0x51, 0x27, 0x5, 0x5, 0xdd,
    0xcc, 0x0, 0xe2, 0xbb, 0xa1, 0x86, 0x2c, 0x8b,
    0x4c, 0x81, 0x7b, 0xff, 0x48, 0x0,

    /* U+91CD "重" */
    0x0, 0xff, 0xe4, 0x9, 0x1a, 0x21, 0x5e, 0x2a,
    0xf7, 0x40, 0x1a, 0x7b, 0x75, 0x31, 0x54, 0x12,
    0xd9, 0xf0, 0xd, 0x3f, 0xee, 0xdc, 0x1b, 0x98,
    0x64, 0x20, 0x1, 0x7f, 0xfc, 0x33, 0xff, 0xec,
    0x2f, 0xff, 0x86, 0x3f, 0xfd, 0x80, 0x2, 0xee,
    0xe1, 0x8e, 0xee, 0x30, 0xc, 0x3b, 0xdd, 0xc,
    0x77, 0x58, 0x2e, 0x1, 0xcc, 0x45, 0xf, 0x91,
    0x4c, 0x1, 0xf4, 0xce, 0x5, 0x99, 0xa0, 0x3,
    0xef, 0xbb, 0x86, 0xae, 0xee, 0x0, 0xfb, 0x3f,
    0xe1, 0x8f, 0xfb, 0x40, 0x38, 0xbf, 0xf8, 0x67,
    0xff, 0x90, 0x2, 0xdf, 0xfe, 0x19, 0xff, 0xeb,
    0x0, 0xb3, 0x77, 0x81, 0xf7, 0x7a, 0x80, 0x21,
    0x22, 0xe1, 0xf2, 0x2e, 0x10, 0x4f, 0xff, 0x86,
    0x3f, 0xfd, 0xc9, 0xdd, 0xff, 0xc4,

    /* U+91CE "野" */
    0x3, 0x3f, 0xc2, 0x67, 0xe0, 0xb, 0x76, 0xcc,
    0x6e, 0xd3, 0x99, 0xeb, 0x0, 0xb7, 0x8a, 0xba,
    0x82, 0x3f, 0xf3, 0xc, 0x80, 0x4e, 0x20, 0x62,
    0x20, 0x3, 0x48, 0xbb, 0x69, 0x0, 0x57, 0xc5,
    0x3d, 0x40, 0x5, 0x57, 0x46, 0x18, 0x6, 0xcf,
    0x2a, 0xfb, 0x0, 0x1e, 0x40, 0x58, 0x7, 0x38,
    0x81, 0x88, 0x1, 0x59, 0x82, 0xaf, 0xc, 0x1,
    0x5f, 0x14, 0xf5, 0x87, 0x44, 0x25, 0x45, 0xe4,
    0x1, 0xdf, 0xe1, 0x9f, 0xf7, 0x5f, 0x70, 0x63,
    0x99, 0x40, 0x3f, 0xf8, 0x8f, 0xe0, 0xe, 0xff,
    0xc, 0xff, 0xb8, 0x3, 0x8c, 0x14, 0x1, 0x57,
    0x60, 0x6b, 0xb5, 0x0, 0x71, 0xf0, 0x4, 0x89,
    0xf, 0xa2, 0x40, 0x1f, 0xfc, 0x1, 0xf, 0x79,
    0xa1, 0x0, 0xfc, 0xdb, 0xfc, 0xb, 0xa3, 0x86,
    0x88, 0x11, 0x0, 0x64, 0x9d, 0xfe, 0xca, 0x86,
    0x1b, 0xb1, 0x20, 0x6, 0x24, 0x20, 0xf, 0x1f,
    0xfb, 0x48, 0x3, 0x0,

    /* U+91CF "量" */
    0x0, 0xa7, 0x33, 0xfd, 0x20, 0x1e, 0x44, 0x66,
    0x7e, 0x55, 0x0, 0x7c, 0xdb, 0xbf, 0x98, 0x3,
    0xf3, 0x6e, 0xfe, 0x70, 0xf, 0x9d, 0x77, 0x7f,
    0x2b, 0x0, 0x62, 0x24, 0x7f, 0xff, 0xa0, 0x88,
    0x0, 0xff, 0xff, 0xe2, 0x8, 0x6e, 0x22, 0x7f,
    0xf0, 0x3f, 0x44, 0x0, 0x6d, 0x9b, 0xb2, 0x96,
    0xee, 0x67, 0x0, 0xf4, 0x46, 0x35, 0x88, 0xc0,
    0x1f, 0xbf, 0x32, 0x44, 0x66, 0x60, 0xf, 0xdf,
    0xbb, 0x22, 0xee, 0xe0, 0xf, 0x17, 0xee, 0xe4,
    0x5d, 0xdd, 0xea, 0x1, 0xa7, 0xff, 0x91, 0x7f,
    0xfa, 0x80, 0x34, 0xff, 0xf2, 0x2f, 0xff, 0x50,
    0x0, 0xbf, 0xfe, 0x45, 0xff, 0xf8, 0xc0,

    /* U+949F "钟" */
    0x0, 0xff, 0xe0, 0x8, 0x7, 0xdc, 0x80, 0x1e,
    0x4e, 0x10, 0xe, 0x60, 0x50, 0xf, 0xfe, 0x8,
    0xc0, 0xf7, 0xf9, 0xc0, 0x3f, 0xd4, 0x59, 0x99,
    0x91, 0x99, 0x80, 0xec, 0xc3, 0x25, 0xf2, 0x2c,
    0x3f, 0x14, 0xa1, 0x75, 0x12, 0x5f, 0x9d, 0xd8,
    0x41, 0xb2, 0x43, 0x30, 0x80, 0x1, 0xd9, 0xd,
    0xd0, 0x80, 0x7f, 0xc4, 0x60, 0x44, 0x0, 0xff,
    0x99, 0x98, 0xc, 0xc3, 0x0, 0xff, 0x55, 0xb8,
    0x5d, 0x90, 0x1f, 0xec, 0x3b, 0xd4, 0x1, 0x9b,
    0x61, 0xba, 0x70, 0x49, 0x70, 0x99, 0x18, 0x7,
    0xf7, 0x43, 0x60, 0x3b, 0x7c, 0x80, 0x78, 0x4d,
    0x4c, 0x3, 0x8c, 0xc0, 0x1d, 0x3d, 0x60, 0x1f,
    0xfc, 0x9, 0x2, 0xc8, 0x0, 0xff, 0xe0, 0x2e,
    0x59, 0x80, 0x7f, 0x80,

    /* U+9519 "错" */
    0x0, 0x88, 0x3, 0x85, 0x40, 0x2, 0x80, 0x1c,
    0x3a, 0x80, 0x18, 0xa8, 0x41, 0x28, 0x3, 0x98,
    0x58, 0x88, 0x1, 0xff, 0xc0, 0x18, 0x1d, 0xd9,
    0x3f, 0x3, 0xbe, 0x87, 0xfc, 0x0, 0xa2, 0xde,
    0xe9, 0x32, 0x42, 0xf2, 0x3, 0x30, 0x2, 0x9c,
    0x42, 0x30, 0x1a, 0x82, 0x99, 0x9, 0x98, 0x7,
    0x3b, 0x77, 0x0, 0x7f, 0xf0, 0xd, 0x18, 0x91,
    0xf, 0xf8, 0x1d, 0xf4, 0x3f, 0xe7, 0x0, 0x4f,
    0xc, 0xc9, 0xb3, 0x3f, 0x98, 0x8, 0xc8, 0x4c,
    0xc0, 0x28, 0x9f, 0x18, 0x87, 0xe4, 0x6, 0x61,
    0xdd, 0x1b, 0xbd, 0x0, 0x16, 0xfd, 0xf, 0xf9,
    0x80, 0x6a, 0xb8, 0x3, 0xff, 0x82, 0x89, 0xc0,
    0x1f, 0xfc, 0x1, 0x99, 0xe0, 0xf, 0xc7, 0x82,
    0x3, 0xbb, 0xc0, 0x1e, 0xd1, 0xdb, 0x10, 0x2,
    0x26, 0x50, 0xf, 0x24, 0xf3, 0x80, 0x6, 0x67,
    0x40, 0x7, 0xb1, 0x80, 0x25, 0xed, 0xde, 0xf0,
    0x0,

    /* U+952E "键" */
    0x0, 0x9, 0x80, 0x7e, 0x13, 0x0, 0xf3, 0x70,
    0x0, 0xd1, 0xa, 0x0, 0x2e, 0x0, 0xf5, 0xb2,
    0xaa, 0x6e, 0xd4, 0xfd, 0x85, 0xdc, 0x10, 0x1,
    0x99, 0x2a, 0xaf, 0x46, 0x7f, 0xb2, 0xf0, 0xd,
    0xb, 0xbb, 0x0, 0xa5, 0x88, 0x6, 0x13, 0x4,
    0x5b, 0x22, 0x82, 0x54, 0xb7, 0xac, 0xb8, 0x34,
    0x91, 0xf3, 0x75, 0x82, 0xf0, 0x19, 0xf8, 0x5e,
    0x3c, 0x41, 0x1c, 0x53, 0xd4, 0x1b, 0xa5, 0xec,
    0x2e, 0x10, 0x8, 0x4c, 0x18, 0xa7, 0x20, 0x17,
    0xec, 0xbf, 0x84, 0x0, 0x88, 0x7, 0x42, 0x31,
    0x62, 0x7c, 0x37, 0x72, 0x80, 0xdd, 0x82, 0xae,
    0x1f, 0xcd, 0xb1, 0x7, 0x31, 0xa0, 0x3f, 0xe0,
    0xdf, 0xbb, 0x26, 0xa5, 0x79, 0x55, 0x20, 0x3,
    0xe3, 0x12, 0x4d, 0xfc, 0x2f, 0xf8, 0x80, 0x39,
    0x1, 0x4, 0x59, 0xd4, 0x5d, 0xd1, 0x0, 0x69,
    0xa3, 0x72, 0xb0, 0x16, 0x1, 0x18, 0x2, 0x70,
    0x6, 0x42, 0xe1, 0x74, 0xad, 0x11, 0x40, 0x17,
    0xcd, 0xd3, 0xd0, 0x4e, 0x5, 0x46, 0xec, 0x40,
    0x8, 0x60, 0x9c, 0x10, 0x1, 0xce, 0x7f, 0xe2,

    /* U+957F "长" */
    0x0, 0xff, 0xe4, 0x3f, 0x0, 0x7c, 0xae, 0x1,
    0xff, 0xc2, 0x5a, 0xe0, 0xf, 0xfe, 0xc, 0x53,
    0x48, 0x7, 0xfc, 0x7a, 0xf5, 0x20, 0x1f, 0xe3,
    0xbc, 0x6d, 0x50, 0xf, 0xfe, 0x3, 0x55, 0x90,
    0x7, 0x84, 0x6f, 0x11, 0x16, 0x20, 0x8f, 0xc1,
    0xdd, 0x38, 0x77, 0x7f, 0xc1, 0x77, 0x28, 0x5d,
    0xa8, 0x1e, 0xef, 0xc0, 0x89, 0x68, 0xa2, 0x15,
    0x13, 0xf0, 0x7, 0xf4, 0x9b, 0x0, 0x7f, 0xf0,
    0x89, 0xe5, 0x0, 0x3f, 0xf8, 0x50, 0x96, 0xa0,
    0x1f, 0xe1, 0x59, 0x3b, 0x5a, 0xa1, 0x0, 0x77,
    0xe, 0xf5, 0x28, 0x2, 0xa1, 0x76, 0xc8, 0x2,
    0x71, 0x4b, 0xfc, 0x30, 0x3, 0xf3, 0x89, 0x0,
    0x59, 0xd2, 0x80, 0x1e, 0x18, 0xa0,

    /* U+95EA "闪" */
    0x5, 0xb0, 0x1, 0x2a, 0xfe, 0x62, 0x5, 0xc,
    0x5, 0xaa, 0xfd, 0x2a, 0x0, 0xb1, 0xa7, 0xff,
    0xfc, 0x20, 0x6c, 0x1f, 0xe0, 0x1, 0x40, 0x80,
    0x79, 0x20, 0x9, 0x40, 0x8, 0xe2, 0x1, 0xff,
    0xc1, 0xd4, 0x0, 0xff, 0xe0, 0x8a, 0x18, 0x7,
    0xff, 0x6, 0x41, 0xd4, 0x3, 0xfe, 0x17, 0x73,
    0x52, 0x0, 0x7f, 0xa8, 0x62, 0x56, 0xcc, 0x3,
    0xf5, 0x25, 0x0, 0x28, 0xf4, 0x40, 0x3d, 0x6b,
    0x28, 0x1, 0x68, 0x48, 0x7, 0xba, 0xd8, 0x3,
    0xd, 0x48, 0x7, 0x95, 0x0, 0x3c, 0x82, 0x1,
    0xff, 0xc2, 0x55, 0x84, 0x3, 0xff, 0x81, 0x35,
    0x43, 0x57, 0xe0, 0xf, 0xec, 0xff, 0x61, 0x0,

    /* U+95ED "闭" */
    0xa, 0x60, 0x0, 0x91, 0x7e, 0x30, 0x6, 0x4a,
    0x4, 0x6e, 0xfe, 0xc7, 0x6, 0x7a, 0x8, 0xdd,
    0xfc, 0x20, 0x6f, 0x18, 0x2, 0x45, 0x5b, 0x11,
    0x40, 0x5, 0x80, 0x20, 0xe, 0x73, 0x0, 0xfc,
    0x46, 0x7c, 0x3c, 0x66, 0x0, 0xf4, 0xe6, 0x70,
    0x36, 0x60, 0x3, 0xd7, 0xdd, 0x68, 0x83, 0xf7,
    0x0, 0x3e, 0x11, 0xa4, 0xc3, 0xc4, 0x40, 0x1f,
    0xd2, 0xbe, 0x20, 0x1f, 0xf5, 0xbe, 0x90, 0x7,
    0xf9, 0x39, 0xb0, 0xc0, 0x3f, 0xc5, 0x6f, 0xa4,
    0x1, 0xff, 0x17, 0x48, 0x12, 0x20, 0x40, 0x3f,
    0x84, 0x0, 0xf7, 0x62, 0x50, 0x44, 0x0, 0x80,
    0x79, 0x7f, 0xda, 0x41, 0x56, 0x48,

    /* U+9650 "限" */
    0x14, 0x4c, 0x40, 0x46, 0x7f, 0x0, 0x16, 0xef,
    0x68, 0x76, 0x67, 0xc4, 0x0, 0x1f, 0xf3, 0x28,
    0x1, 0xbf, 0xf6, 0x80, 0x7c, 0x9c, 0x1, 0xff,
    0xc2, 0x23, 0x40, 0x3, 0x7f, 0xed, 0x0, 0xf5,
    0x30, 0x4, 0xbb, 0xba, 0xc0, 0x3d, 0x8a, 0x1,
    0x19, 0x16, 0x60, 0xf, 0x23, 0x38, 0x0, 0x99,
    0xb2, 0x80, 0x7d, 0xb6, 0x0, 0x5b, 0x98, 0xba,
    0x20, 0xf, 0x11, 0x0, 0xf, 0xb0, 0x5b, 0xac,
    0x50, 0xe, 0x30, 0xe, 0x63, 0x25, 0xfc, 0x0,
    0xdb, 0x12, 0x1, 0x85, 0x72, 0xa2, 0xc0, 0x36,
    0x73, 0x80, 0x74, 0xc, 0x30, 0x7, 0x8, 0x80,
    0x38, 0x45, 0x30, 0xc0, 0x1f, 0x84, 0x9f, 0xb9,
    0x2d, 0x13, 0x64, 0x1, 0xe2, 0x7, 0xaf, 0xa0,
    0x7c, 0x0, 0x27, 0x0, 0x63, 0xe9, 0x40, 0xc,
    0x76, 0x40,

    /* U+9664 "除" */
    0x0, 0xff, 0xe2, 0x8a, 0x26, 0x0, 0xe4, 0xe1,
    0x0, 0xcf, 0x77, 0xa0, 0x2, 0x1a, 0x15, 0x0,
    0xe2, 0xfd, 0xb, 0x0, 0xe, 0x14, 0xda, 0x0,
    0x79, 0x4c, 0xc0, 0x58, 0x38, 0xd1, 0x6c, 0x1,
    0xd5, 0x40, 0x5c, 0x1d, 0x0, 0x3c, 0xca, 0x84,
    0x0, 0x66, 0x65, 0xa5, 0xa7, 0x66, 0x81, 0xd1,
    0xc0, 0x2, 0x6, 0xbb, 0xd7, 0x68, 0x9b, 0xb0,
    0xf3, 0x0, 0xa, 0x38, 0x9, 0x77, 0x50, 0x3b,
    0xa9, 0x0, 0xe6, 0x34, 0x11, 0xff, 0x0, 0x71,
    0x67, 0x76, 0x80, 0xee, 0xcc, 0x1, 0x9, 0x77,
    0x74, 0x87, 0x76, 0x60, 0x4, 0xf1, 0xb8, 0xcc,
    0x8, 0x8, 0xaa, 0x4, 0x2, 0x8d, 0xd0, 0x9b,
    0xe8, 0x6, 0xa7, 0x60, 0x8, 0x48, 0xb, 0x59,
    0x0, 0x30, 0xd4, 0x90, 0x7, 0x22, 0x24, 0x89,
    0xc0, 0x12, 0x40, 0x80, 0x73, 0x50, 0x56, 0xbb,
    0x80, 0x27, 0x36, 0xd0, 0xf, 0x47, 0xfa, 0x40,
    0x38,

    /* U+97F3 "音" */
    0x0, 0xff, 0xe7, 0x6b, 0x80, 0x7f, 0x91, 0x3c,
    0xd2, 0x89, 0xe0, 0xd, 0x77, 0xe4, 0x1b, 0xbf,
    0x10, 0x5, 0xfe, 0xb2, 0xef, 0xfe, 0x28, 0xff,
    0x10, 0x7, 0x21, 0xc8, 0x6, 0x52, 0x40, 0xe,
    0x44, 0xca, 0xa4, 0x4d, 0x6, 0xe8, 0x90, 0x2,
    0xef, 0x21, 0x5d, 0xe2, 0x3b, 0xbc, 0x0, 0xff,
    0xff, 0xe2, 0x0, 0x61, 0x33, 0xff, 0x10, 0x7,
    0xa7, 0x37, 0x7f, 0x64, 0x80, 0x7c, 0x7d, 0xdf,
    0x90, 0x3, 0xf0, 0x99, 0xfe, 0x70, 0xf, 0xc5,
    0xbb, 0xf8, 0xc0, 0x3f, 0x1f, 0x77, 0xe4, 0x0,
    0xfc, 0x26, 0x7f, 0x9c, 0x3, 0xf1, 0x66, 0x7e,
    0x30, 0xf, 0xa3, 0xff, 0xfd, 0x60, 0x10,

    /* U+9875 "页" */
    0x12, 0x2f, 0xfe, 0x10, 0xc6, 0xef, 0xff, 0xb,
    0xe3, 0x77, 0xc0, 0xdb, 0xbe, 0xf1, 0x22, 0xe4,
    0x8, 0x22, 0xf0, 0x80, 0x33, 0xba, 0x90, 0xfe,
    0xee, 0x20, 0x8, 0x56, 0xed, 0x54, 0xbb, 0xd2,
    0x22, 0x0, 0xc6, 0xab, 0x9, 0x2a, 0xc8, 0x1,
    0xfe, 0xda, 0x0, 0xff, 0xf1, 0x18, 0x80, 0x7f,
    0xf0, 0x91, 0x40, 0x3f, 0xaf, 0x0, 0x14, 0x37,
    0x98, 0x42, 0x82, 0x0, 0x99, 0x11, 0x8b, 0x65,
    0xab, 0x7a, 0x82, 0x0, 0x37, 0xdb, 0x7d, 0x40,
    0x19, 0xd6, 0xca, 0x1a, 0xcb, 0xad, 0xb2, 0x0,
    0xc5, 0x56, 0xf1, 0x5d, 0x8e, 0x40, 0x1f, 0x93,
    0x64,

    /* U+9891 "频" */
    0x0, 0xe2, 0x0, 0xff, 0xe2, 0x1e, 0x98, 0x4,
    0x23, 0xf0, 0x5, 0x2, 0x1, 0xd7, 0xdd, 0xf0,
    0x80, 0x1c, 0xc0, 0x1b, 0xd1, 0x5b, 0xa8, 0x1d,
    0xd8, 0x40, 0x3d, 0x15, 0x41, 0x22, 0x63, 0x11,
    0x40, 0x1f, 0x2a, 0x11, 0xff, 0x91, 0xff, 0xd0,
    0x5, 0x1, 0x72, 0x13, 0x10, 0x0, 0x77, 0x65,
    0x10, 0x13, 0x42, 0x60, 0x13, 0x30, 0x0, 0x5e,
    0x84, 0x2, 0x3b, 0xba, 0x46, 0xee, 0x0, 0xff,
    0xb1, 0x80, 0x26, 0x90, 0x8, 0x40, 0x3c, 0x46,
    0xe0, 0x15, 0x8, 0x6, 0x10, 0xe, 0x95, 0x10,
    0x1, 0x9a, 0x80, 0x2e, 0x30, 0xc, 0x2d, 0x0,
    0x14, 0x21, 0x0, 0x45, 0xe0, 0x18, 0x74, 0x81,
    0x5d, 0x24, 0x9, 0xc1, 0x8, 0x3f, 0x40, 0x39,
    0xda, 0xc8, 0x6, 0x20, 0x5b, 0x88, 0x80, 0x8,
    0xee, 0x6d, 0x0, 0x28, 0x7e, 0x95, 0xf3, 0x0,
    0x5e, 0xf, 0xa0, 0x1, 0xf9, 0x30, 0xc2, 0x65,
    0x84, 0x11, 0xb4, 0x20, 0x12, 0x6e, 0x18, 0x4,
    0xf8, 0x40,

    /* U+9898 "题" */
    0x0, 0x19, 0xf8, 0x8, 0xbf, 0x0, 0x7, 0x3f,
    0xf6, 0xe, 0xef, 0xe1, 0x0, 0xbf, 0x31, 0xc0,
    0xf, 0xf8, 0x9f, 0xfe, 0x10, 0xb, 0x3f, 0xda,
    0x0, 0x17, 0x82, 0x7, 0x70, 0x80, 0x6d, 0xff,
    0x68, 0x0, 0xa3, 0xe3, 0xc2, 0x14, 0x3, 0x67,
    0x73, 0x0, 0x21, 0x74, 0x7, 0x10, 0x8, 0x7b,
    0xff, 0x70, 0x80, 0x4b, 0x60, 0x1c, 0xa8, 0x9e,
    0x50, 0x8, 0x5c, 0x3, 0xf, 0x75, 0x17, 0xdd,
    0x0, 0x5e, 0x40, 0x18, 0x6e, 0x2a, 0x8b, 0x77,
    0x0, 0x47, 0xe0, 0x1e, 0xe4, 0x7, 0x22, 0x8,
    0x4, 0x88, 0x0, 0xf1, 0x88, 0x1e, 0x62, 0xf,
    0xe0, 0xd2, 0xbd, 0x0, 0x2, 0x2c, 0x4, 0xee,
    0x48, 0x33, 0xf3, 0x6, 0x88, 0x1, 0x45, 0x6c,
    0x2, 0x5d, 0xac, 0x20, 0xa5, 0xc0, 0x7, 0x3f,
    0x82, 0xc2, 0x85, 0x78, 0x91, 0x57, 0x20, 0x4b,
    0x65, 0x94, 0x33, 0x71, 0xbb, 0xea, 0x2, 0xd2,
    0x0, 0x24, 0xe7, 0x7f, 0xfd, 0xc0,

    /* U+98CE "风" */
    0x0, 0xa, 0x27, 0xfc, 0x40, 0x1c, 0xb7, 0x7f,
    0xf4, 0x0, 0x7d, 0xbd, 0xdf, 0x90, 0x3, 0xf1,
    0x88, 0xf2, 0x38, 0x88, 0x3, 0xfa, 0xd8, 0x2,
    0x9e, 0x0, 0xff, 0xba, 0x50, 0xc, 0xd4, 0x1,
    0xff, 0x2b, 0xd1, 0x4a, 0x10, 0x7, 0xe1, 0x1,
    0x8, 0x5f, 0x58, 0x0, 0xfe, 0x30, 0xd, 0x44,
    0x43, 0x0, 0x18, 0x7, 0x84, 0x40, 0x13, 0x81,
    0x30, 0x4, 0x20, 0x1d, 0xc4, 0x0, 0x29, 0x87,
    0x92, 0x1, 0x70, 0xe, 0x55, 0x0, 0xe2, 0x3c,
    0x17, 0x7, 0x88, 0x6, 0x13, 0xc3, 0xf3, 0xa0,
    0x7, 0x1b, 0x91, 0x84, 0x0, 0x1c, 0x11, 0x5,
    0x82, 0x0, 0x37, 0x26, 0x11, 0x28, 0x84, 0x28,
    0xbe, 0x8, 0x6, 0x85, 0x31, 0xb3, 0x12, 0x38,
    0x0, 0xff, 0xad, 0x58, 0xb, 0x48, 0x3, 0xfe,
    0x5f, 0x80,

    /* U+9A8C "验" */
    0x0, 0xff, 0xe3, 0x91, 0x9e, 0x20, 0xc, 0x9c,
    0x1, 0xee, 0xcc, 0xd0, 0x1, 0xa4, 0x48, 0x3,
    0xb3, 0xfe, 0x63, 0x0, 0xa0, 0xd7, 0xc4, 0x3,
    0xe, 0x0, 0xf, 0x80, 0xa, 0xfb, 0x43, 0xa0,
    0x18, 0xcc, 0x0, 0x11, 0x2, 0xd4, 0x98, 0x68,
    0xe0, 0x80, 0x4, 0x40, 0x6, 0x37, 0xa6, 0x35,
    0x52, 0x50, 0xe1, 0x3, 0x18, 0x0, 0x86, 0xeb,
    0x22, 0x35, 0x60, 0x80, 0xd, 0x80, 0x41, 0x71,
    0x55, 0xbb, 0xc3, 0x84, 0x1c, 0xb7, 0x41, 0x4a,
    0x8e, 0x9, 0x80, 0x6, 0x80, 0x6, 0x4e, 0xea,
    0x54, 0x1e, 0x41, 0x4c, 0x1, 0x7e, 0x0, 0x47,
    0x66, 0x80, 0x4c, 0xc, 0x44, 0x66, 0x26, 0x0,
    0x8d, 0xed, 0x45, 0xc1, 0x2c, 0x9, 0x65, 0x84,
    0x13, 0xfb, 0xa7, 0x2, 0xe, 0xc0, 0xe4, 0x5b,
    0x0, 0x26, 0xea, 0x54, 0x40, 0x41, 0x10, 0x5,
    0x6c, 0x40, 0x11, 0x0, 0x85, 0x19, 0x6e, 0xf3,
    0x3e, 0xe8, 0x2, 0x2e, 0xf7, 0x82, 0x88, 0xea,
    0xb8, 0x80, 0x4, 0x5f, 0xee, 0x40, 0x55, 0xfe,
    0x0,

    /* U+9EA6 "麦" */
    0x0, 0xfc, 0xa4, 0x1, 0xff, 0xc4, 0xb4, 0x0,
    0xfe, 0x5e, 0xef, 0xc, 0xf7, 0x78, 0x2, 0x4d,
    0xdf, 0x3, 0xee, 0xf8, 0x2, 0x13, 0x11, 0xe0,
    0xf1, 0x1e, 0x30, 0xc, 0x9b, 0xbc, 0x11, 0xbb,
    0xc2, 0x1, 0x93, 0xff, 0x86, 0x7f, 0xf8, 0x40,
    0x7, 0x77, 0xf0, 0xdd, 0xfd, 0x20, 0x39, 0x9c,
    0x8d, 0x15, 0x99, 0xef, 0x2, 0x77, 0xd8, 0x3e,
    0xef, 0xf9, 0x80, 0x30, 0xe2, 0xe, 0xff, 0xf8,
    0x80, 0x39, 0xbc, 0x82, 0xb3, 0x35, 0x8a, 0x10,
    0x6, 0xc9, 0x97, 0x25, 0x89, 0x98, 0x64, 0xac,
    0x3, 0xbf, 0x9c, 0x2d, 0x35, 0xdd, 0xaf, 0x80,
    0x1e, 0x31, 0x0, 0xa0, 0xa2, 0x9, 0x60, 0x1f,
    0x85, 0x63, 0x74, 0x32, 0xeb, 0xd8, 0xe8, 0x40,
    0x1, 0xee, 0x51, 0xd6, 0xe3, 0x47, 0x5a, 0xd5,
    0xee, 0x80, 0x77, 0x5f, 0x6e, 0x40, 0x19, 0x27,
    0x7f, 0x3c, 0x0,

    /* U+F011 "" */
    0x0, 0xfd, 0x9a, 0xa0, 0x1f, 0xfc, 0x33, 0x31,
    0x78, 0x7, 0xfc, 0xfc, 0x60, 0x1f, 0x5e, 0x8,
    0x7, 0x44, 0x6, 0x0, 0x3c, 0x88, 0x3c, 0x10,
    0x9, 0x1c, 0x1, 0xa0, 0x1e, 0x51, 0x2, 0xb0,
    0xa, 0x40, 0x10, 0xc0, 0x1e, 0x1c, 0x10, 0x54,
    0x3, 0x20, 0x37, 0x0, 0xfc, 0x50, 0x0, 0xe0,
    0xb0, 0x5, 0x0, 0x7f, 0x98, 0x41, 0x40, 0x80,
    0x8, 0x1, 0xff, 0x28, 0x0, 0x44, 0x0, 0x30,
    0x8, 0x80, 0x4, 0x1, 0xf8, 0x80, 0x4, 0x1,
    0xe, 0xdc, 0x0, 0x66, 0x0, 0xf, 0x80, 0x28,
    0x3, 0x12, 0x0, 0x62, 0x20, 0x10, 0x38, 0x1,
    0x88, 0x3, 0xfa, 0x40, 0xa, 0x2, 0xc0, 0xf,
    0x20, 0xf, 0xa5, 0x0, 0x64, 0x1, 0x26, 0x5,
    0x8e, 0x20, 0x12, 0x63, 0x0, 0x2c, 0x40, 0x2d,
    0x20, 0x18, 0xee, 0x6f, 0xd9, 0x80, 0x25, 0x40,
    0x30, 0xeb, 0x0, 0x42, 0x40, 0x11, 0x5b, 0x0,
    0x7d, 0x3a, 0xe6, 0x20, 0x4b, 0x5a, 0x80, 0x18,

    /* U+F013 "" */
    0x0, 0xf9, 0x19, 0x88, 0x1, 0xff, 0xc1, 0x3b,
    0x99, 0x59, 0x80, 0x7f, 0xf0, 0x1c, 0x3, 0x38,
    0x7, 0xe7, 0x81, 0x7b, 0x0, 0xd6, 0xe3, 0xe,
    0x1, 0x24, 0x3f, 0x40, 0x7, 0xa3, 0x9e, 0x10,
    0x1, 0x20, 0x1f, 0xfc, 0x29, 0x3, 0x20, 0xe,
    0x17, 0x70, 0x80, 0x71, 0x19, 0x9c, 0x3, 0x17,
    0x44, 0x38, 0x80, 0x33, 0x98, 0x42, 0x80, 0x50,
    0x1, 0xa0, 0x2, 0x58, 0x0, 0x84, 0x2, 0x60,
    0xc, 0xc0, 0x10, 0x80, 0x42, 0xe0, 0x15, 0x80,
    0x6b, 0x0, 0x9c, 0x40, 0xfc, 0xc0, 0x27, 0x60,
    0x3, 0x38, 0x4, 0x7e, 0x64, 0x20, 0x1d, 0x3f,
    0xe9, 0x0, 0xe1, 0x21, 0x60, 0xf, 0xfe, 0x13,
    0x8, 0x49, 0x3, 0x88, 0x7, 0x85, 0xc0, 0xa4,
    0x2, 0xce, 0x8f, 0x60, 0xc, 0xdf, 0x1d, 0x80,
    0x18, 0x44, 0x3, 0xa0, 0x1b, 0x44, 0x4, 0x40,
    0x1f, 0x98, 0xc4, 0x44, 0xc0, 0x1f, 0xfc, 0x2,
    0xce, 0xe6, 0x90, 0x7, 0x80,

    /* U+F019 "" */
    0x0, 0xfa, 0x6a, 0x92, 0x1, 0xff, 0xc1, 0x36,
    0x55, 0x31, 0x80, 0x7f, 0xf0, 0x1c, 0x3, 0x38,
    0x7, 0xff, 0xfc, 0x3, 0xd9, 0xdc, 0xa0, 0xd,
    0x5d, 0xcc, 0x0, 0xf2, 0x8, 0xc0, 0x18, 0x46,
    0x50, 0xf, 0x43, 0x80, 0x7e, 0x79, 0x0, 0xfa,
    0x1c, 0x3, 0xcf, 0x0, 0x1f, 0xd0, 0xe0, 0x19,
    0xe0, 0x3, 0x89, 0x13, 0xa2, 0x0, 0x8, 0x82,
    0x27, 0x16, 0xdd, 0xf6, 0x34, 0xc9, 0xb6, 0xef,
    0xb4, 0x3, 0xc7, 0xe0, 0xf, 0x20, 0xf, 0xfe,
    0x8, 0xcc, 0x84, 0x3, 0xff, 0x8f, 0x32, 0x3b,
    0x0, 0x10, 0x7, 0xfd, 0x32, 0x3b, 0x2, 0xdf,
    0xff, 0xfe, 0x26, 0x80,

    /* U+F028 "" */
    0x0, 0xff, 0xe1, 0x88, 0x7, 0xff, 0x1d, 0xf9,
    0x80, 0x3f, 0xe2, 0x40, 0xe, 0x52, 0x98, 0x0,
    0xfe, 0x2c, 0xb0, 0xc, 0x85, 0x86, 0xe8, 0x1,
    0xf1, 0x60, 0x80, 0x65, 0xbb, 0xe, 0x8d, 0x8,
    0x7, 0x1e, 0x8, 0x7, 0x2a, 0x92, 0x86, 0x5,
    0x83, 0x7f, 0xec, 0x10, 0xe, 0x71, 0xa4, 0x53,
    0x60, 0xa0, 0x20, 0xf, 0xe3, 0x8c, 0x8, 0xa,
    0x5, 0x20, 0xf, 0xf8, 0xe0, 0x94, 0xc5, 0x40,
    0x80, 0x80, 0x3f, 0xe3, 0x2, 0x3, 0x10, 0xf0,
    0x10, 0xf, 0xf0, 0xc8, 0x20, 0x13, 0x7, 0x0,
    0x80, 0x7f, 0x88, 0x90, 0x6e, 0x1a, 0xa, 0x5,
    0x8, 0x91, 0x0, 0x71, 0xfb, 0x9c, 0xb, 0x91,
    0xa8, 0x3d, 0xdd, 0xa8, 0x1, 0xe3, 0xc0, 0xa1,
    0x80, 0x90, 0xf, 0x5a, 0x0, 0x78, 0xf1, 0x19,
    0x54, 0x60, 0x1f, 0x5a, 0x8, 0x4, 0x78, 0x6d,
    0x23, 0x60, 0x1f, 0xd7, 0xc0, 0x1c, 0xd2, 0x58,
    0x20, 0x1f, 0xfc, 0x45, 0x6d, 0x20, 0x8,

    /* U+F043 "" */
    0x0, 0xe6, 0x90, 0xf, 0xf0, 0xcb, 0x20, 0x7,
    0xf3, 0x80, 0x38, 0x3, 0xfa, 0xc0, 0xa, 0x40,
    0x1f, 0x29, 0x0, 0x56, 0x1, 0xf5, 0x80, 0x66,
    0x30, 0xe, 0x91, 0x0, 0xee, 0x0, 0xca, 0xc0,
    0x1e, 0x29, 0x0, 0xac, 0x3, 0xf3, 0x18, 0x38,
    0x80, 0x7f, 0x48, 0x58, 0x7, 0xf9, 0x40, 0xc1,
    0x0, 0x3f, 0x88, 0x1, 0xea, 0x1, 0xfc, 0x61,
    0x9c, 0x1, 0xf8, 0xac, 0x1d, 0xa8, 0xc0, 0x39,
    0x1, 0xc4, 0x30, 0x31, 0xc0, 0x34, 0x0, 0x30,
    0x45, 0x5e, 0xe0, 0x15, 0x18, 0x0, 0xbd, 0x40,
    0x32, 0x62, 0x80, 0x61, 0xaf, 0xcc, 0x75, 0x98,
    0x4,

    /* U+F06E "" */
    0x0, 0xf8, 0xda, 0x20, 0xe8, 0x1, 0xff, 0xc1,
    0x8e, 0xc9, 0x77, 0x45, 0xfc, 0x90, 0x7, 0xe4,
    0xe7, 0x12, 0x9c, 0xda, 0x40, 0x6d, 0x70, 0xf,
    0x3d, 0x88, 0x2e, 0xb1, 0x92, 0xdc, 0x0, 0x22,
    0x80, 0x33, 0x40, 0x0, 0xa8, 0x1, 0x1f, 0x84,
    0xec, 0x0, 0x5a, 0x0, 0x14, 0x80, 0x50, 0x1,
    0xc7, 0x83, 0x60, 0x12, 0xb0, 0x70, 0x6, 0x71,
    0x67, 0x70, 0x0, 0x50, 0x84, 0x2, 0x81, 0x20,
    0xc, 0x66, 0x98, 0x0, 0xc4, 0x6, 0x1, 0x9,
    0xc0, 0x6, 0x22, 0x8, 0x7, 0x20, 0x10, 0x4,
    0x84, 0xc8, 0x1, 0x50, 0x50, 0x6, 0x73, 0x50,
    0x8, 0x68, 0x1, 0x44, 0x0, 0x64, 0x46, 0xbb,
    0xae, 0x6, 0xc0, 0x2d, 0x10, 0x0, 0xe2, 0x0,
    0x2d, 0x8a, 0x20, 0x88, 0xf1, 0x2, 0xc3, 0x0,
    0xc3, 0x72, 0x21, 0x3f, 0x76, 0xeb, 0x10, 0x6d,
    0x30, 0xf, 0x9b, 0xa9, 0x49, 0x10, 0x9, 0x1d,
    0x20, 0x1c,

    /* U+F077 "" */
    0x0, 0xf9, 0x8, 0x3, 0xff, 0x82, 0xb7, 0x84,
    0x1, 0xff, 0x2d, 0x0, 0xe1, 0x0, 0x7f, 0x2d,
    0x0, 0x43, 0x86, 0x1, 0xf3, 0x50, 0x1, 0x4c,
    0x7, 0x4c, 0x3, 0x9a, 0x40, 0xd, 0x58, 0x60,
    0x3a, 0x60, 0x13, 0x48, 0x1, 0xa4, 0x1, 0x86,
    0x3, 0xa6, 0xb, 0x20, 0x6, 0x90, 0xd, 0x86,
    0x3, 0xa5, 0xe0, 0x6, 0x90, 0xf, 0x61, 0x80,
    0xa5, 0xa3, 0xc8, 0x7, 0xec, 0x46, 0x60,

    /* U+F078 "" */
    0x3, 0x20, 0xf, 0xf1, 0x90, 0x36, 0x60, 0x80,
    0x3f, 0x2e, 0x69, 0x60, 0xe, 0x18, 0x7, 0x96,
    0x80, 0x9, 0x66, 0x3, 0xa6, 0x1, 0x96, 0x80,
    0xc, 0xc1, 0xd3, 0x1, 0xd3, 0x0, 0x2d, 0x0,
    0x1a, 0x40, 0x3, 0xa6, 0x3, 0xa6, 0xb4, 0x0,
    0x69, 0x0, 0xc3, 0xa6, 0x3, 0x94, 0x0, 0x69,
    0x0, 0xf0, 0xe9, 0x80, 0x66, 0x90, 0xf, 0xc3,
    0xa6, 0x0, 0x69, 0x0, 0xff, 0xe, 0xa3, 0x48,
    0x7, 0x80,

    /* U+F0F3 "" */
    0x0, 0xfa, 0x18, 0x3, 0xff, 0x82, 0x6f, 0x20,
    0x1f, 0xfc, 0x6, 0xf0, 0x5, 0x20, 0x7, 0xe1,
    0xc9, 0x30, 0x2, 0xdc, 0x80, 0x7d, 0xa6, 0x1,
    0xe6, 0x80, 0xe, 0x53, 0x0, 0xfc, 0xe2, 0x1,
    0xb0, 0x3, 0xfc, 0x80, 0x18, 0x80, 0x3f, 0xc4,
    0x1, 0x9c, 0x3, 0xfd, 0xe0, 0x18, 0x80, 0x3f,
    0xc4, 0x1, 0x10, 0x80, 0x7f, 0x90, 0x2, 0xa0,
    0xf, 0xf8, 0x50, 0xd, 0xc0, 0x3f, 0xf8, 0x12,
    0x3a, 0x1, 0xff, 0xc1, 0x2b, 0x40, 0xf, 0xfe,
    0x16, 0xd7, 0xff, 0xff, 0x9, 0xc0, 0x39, 0x3f,
    0xf0, 0x7, 0xfc, 0x88, 0x0, 0x40, 0x7, 0xff,
    0x2, 0xf7, 0x9c, 0x3, 0xc0,

    /* U+F15B "" */
    0x58, 0x8f, 0x38, 0x30, 0x6, 0xa7, 0x7f, 0x48,
    0x4c, 0x80, 0x3f, 0xf8, 0x2d, 0x20, 0x1f, 0xfc,
    0x16, 0x90, 0xf, 0xfe, 0xb, 0x28, 0x7, 0xc2,
    0x7b, 0xb9, 0x0, 0x3f, 0x66, 0xee, 0x90, 0xf,
    0xff, 0xf8, 0x7, 0xff, 0xd4, 0x40, 0x3f, 0xf8,
    0x1d, 0xf7, 0x7f, 0xf6, 0x30,

    /* U+F240 "" */
    0x4, 0x4f, 0xfe, 0x38, 0x80, 0x2a, 0xef, 0xff,
    0x8f, 0xe2, 0xa, 0x1, 0xff, 0xc7, 0x14, 0x0,
    0xaf, 0xff, 0xff, 0x88, 0x0, 0xa3, 0x0, 0xab,
    0xff, 0xff, 0x84, 0x1, 0x98, 0x3, 0xff, 0x8f,
    0x80, 0x1f, 0xfc, 0xa3, 0x10, 0xf, 0xfe, 0x4c,
    0x8, 0x7, 0x7b, 0xbf, 0xff, 0x8, 0x1c, 0x3,
    0x8c, 0x73, 0x3f, 0xf8, 0x4a, 0x0, 0x34, 0x0,
    0x45, 0xdf, 0xff, 0xe, 0x80, 0x12, 0x32, 0x20,
    0x1f, 0xfc, 0x64, 0x50,

    /* U+F241 "" */
    0x4, 0x4f, 0xfe, 0x38, 0x80, 0x2a, 0xef, 0xff,
    0x8f, 0xe2, 0xa, 0x1, 0xff, 0xc7, 0x14, 0x0,
    0xaf, 0xff, 0xff, 0x88, 0x0, 0xa3, 0x0, 0xb7,
    0xff, 0xfc, 0xc0, 0x1f, 0x30, 0x7, 0xff, 0x1f,
    0x0, 0x3f, 0xf9, 0x46, 0x20, 0x1f, 0xfc, 0x98,
    0x10, 0xe, 0xb7, 0x7f, 0xf2, 0x80, 0x67, 0x0,
    0xe3, 0x2c, 0xcf, 0xf3, 0xa2, 0x4a, 0x0, 0x34,
    0x0, 0x45, 0xdf, 0xff, 0xe, 0x80, 0x12, 0x32,
    0x20, 0x1f, 0xfc, 0x64, 0x50,

    /* U+F242 "" */
    0x4, 0x4f, 0xfe, 0x38, 0x80, 0x2a, 0xef, 0xff,
    0x8f, 0xe2, 0xa, 0x1, 0xff, 0xc7, 0x14, 0x0,
    0xaf, 0xff, 0xff, 0x88, 0x0, 0xa3, 0x0, 0xb3,
    0xff, 0xe1, 0x0, 0xff, 0x30, 0x7, 0xff, 0x1f,
    0x0, 0x3f, 0xf9, 0x46, 0x20, 0x1f, 0xfc, 0x98,
    0x10, 0xe, 0xa7, 0x7f, 0x84, 0x3, 0xe7, 0x0,
    0xe3, 0x2c, 0xcf, 0x91, 0x3e, 0x50, 0x1, 0xa0,
    0x2, 0x2e, 0xff, 0xf8, 0x74, 0x0, 0x91, 0x91,
    0x0, 0xff, 0xe3, 0x22, 0x80,

    /* U+F243 "" */
    0x4, 0x4f, 0xfe, 0x38, 0x80, 0x2a, 0xef, 0xff,
    0x8f, 0xe2, 0xa, 0x1, 0xff, 0xc7, 0x14, 0x0,
    0xaf, 0xff, 0xff, 0x88, 0x0, 0xa3, 0x0, 0xa7,
    0xfe, 0xe0, 0xf, 0xfe, 0x13, 0x0, 0x7f, 0xf1,
    0xf0, 0x3, 0xff, 0x94, 0x62, 0x1, 0xff, 0xc9,
    0x81, 0x0, 0xed, 0x77, 0xa4, 0x3, 0xfe, 0x70,
    0xe, 0x30, 0xcc, 0x8d, 0x13, 0xfc, 0xa0, 0x3,
    0x40, 0x4, 0x5d, 0xff, 0xf0, 0xe8, 0x1, 0x23,
    0x22, 0x1, 0xff, 0xc6, 0x45, 0x0,

    /* U+F244 "" */
    0x4, 0x4f, 0xfe, 0x38, 0x80, 0x2a, 0xef, 0xff,
    0x8f, 0xe2, 0xa, 0x1, 0xff, 0xc7, 0x14, 0x0,
    0xaf, 0xff, 0xff, 0x88, 0x0, 0xa3, 0x0, 0xff,
    0xe5, 0x30, 0x7, 0xff, 0x1f, 0x0, 0x3f, 0xf9,
    0x46, 0x20, 0x1f, 0xfc, 0x98, 0x10, 0xf, 0xfe,
    0x4b, 0x80, 0x71, 0xa2, 0x7f, 0xf0, 0xd4, 0x0,
    0x68, 0x0, 0x8b, 0xbf, 0xfe, 0x1d, 0x0, 0x24,
    0x64, 0x40, 0x3f, 0xf8, 0xc8, 0xa0,

    /* U+F287 "" */
    0x0, 0xff, 0xe0, 0x3c, 0x8, 0x7, 0xff, 0x14,
    0x9a, 0x61, 0xf0, 0x3, 0xff, 0x88, 0x9b, 0xc,
    0x0, 0x20, 0xf, 0xfe, 0x25, 0x3f, 0x68, 0x84,
    0x0, 0x7f, 0x88, 0x3, 0x30, 0x40, 0x17, 0x7b,
    0x80, 0x7e, 0x3e, 0xde, 0x30, 0x5, 0xc8, 0x7,
    0xf1, 0x50, 0x80, 0x3c, 0x40, 0x79, 0x24, 0x88,
    0xab, 0xff, 0x73, 0x81, 0x80, 0x45, 0x6c, 0x15,
    0x5f, 0xe8, 0x0, 0x42, 0xa8, 0x2, 0x5f, 0xfc,
    0x88, 0xff, 0xfb, 0x1, 0x35, 0x69, 0x8d, 0xa8,
    0x3, 0x42, 0x18, 0x7, 0x8a, 0xac, 0x80, 0x13,
    0x92, 0x1, 0xc6, 0x90, 0x5, 0x77, 0x28, 0xa8,
    0x7, 0xff, 0x6, 0x52, 0x6d, 0x12, 0xd0, 0xf,
    0xfe, 0x19, 0x61, 0x20, 0x7, 0xff, 0x20, 0xef,
    0x80, 0x3f, 0xf9, 0x47, 0xff, 0x40, 0x7, 0x0,

    /* U+FF0C "，" */
    0x0, 0x8, 0x2, 0xfa, 0x1, 0x41, 0x83, 0x14,
    0x0, 0x40, 0x81, 0x9, 0x6a, 0x78, 0x2b, 0x64,
    0x0,

    /* U+FF1A "：" */
    0x28, 0x2f, 0x7f, 0x70, 0x7a, 0xea, 0x1, 0x0,
    0xff, 0xe0, 0x9c, 0x9f, 0x37, 0x20, 0x24, 0xfc,
    0x80
};


/*---------------------
 *  GLYPH DESCRIPTION
 *--------------------*/

static const lv_font_fmt_txt_glyph_dsc_t glyph_dsc[] = {
    {.bitmap_index = 0, .adv_w = 0, .box_w = 0, .box_h = 0, .ofs_x = 0, .ofs_y = 0} /* id = 0 reserved */,
    {.bitmap_index = 0, .adv_w = 65, .box_w = 0, .box_h = 0, .ofs_x = 0, .ofs_y = 0},
    {.bitmap_index = 0, .adv_w = 93, .box_w = 4, .box_h = 13, .ofs_x = 1, .ofs_y = 0},
    {.bitmap_index = 23, .adv_w = 137, .box_w = 6, .box_h = 6, .ofs_x = 1, .ofs_y = 8},
    {.bitmap_index = 40, .adv_w = 160, .box_w = 10, .box_h = 13, .ofs_x = 0, .ofs_y = 0},
    {.bitmap_index = 103, .adv_w = 160, .box_w = 8, .box_h = 17, .ofs_x = 1, .ofs_y = -2},
    {.bitmap_index = 162, .adv_w = 265, .box_w = 16, .box_h = 13, .ofs_x = 0, .ofs_y = 0},
    {.bitmap_index = 255, .adv_w = 196, .box_w = 12, .box_h = 13, .ofs_x = 0, .ofs_y = 0},
    {.bitmap_index = 325, .adv_w = 80, .box_w = 3, .box_h = 6, .ofs_x = 1, .ofs_y = 8},
    {.bitmap_index = 334, .adv_w = 97, .box_w = 5, .box_h = 19, .ofs_x = 1, .ofs_y = -4},
    {.bitmap_index = 382, .adv_w = 97, .box_w = 5, .box_h = 19, .ofs_x = 0, .ofs_y = -4},
    {.bitmap_index = 426, .adv_w = 134, .box_w = 7, .box_h = 6, .ofs_x = 1, .ofs_y = 8},
    {.bitmap_index = 447, .adv_w = 160, .box_w = 10, .box_h = 10, .ofs_x = 0, .ofs_y = 2},
    {.bitmap_index = 472, .adv_w = 80, .box_w = 4, .box_h = 7, .ofs_x = 0, .ofs_y = -4},
    {.bitmap_index = 487, .adv_w = 100, .box_w = 6, .box_h = 3, .ofs_x = 0, .ofs_y = 4},
    {.bitmap_index = 494, .adv_w = 80, .box_w = 3, .box_h = 3, .ofs_x = 1, .ofs_y = 0},
    {.bitmap_index = 499, .adv_w = 113, .box_w = 7, .box_h = 18, .ofs_x = 0, .ofs_y = -4},
    {.bitmap_index = 548, .adv_w = 160, .box_w = 10, .box_h = 13, .ofs_x = 0, .ofs_y = 0},
    {.bitmap_index = 610, .adv_w = 160, .box_w = 8, .box_h = 13, .ofs_x = 1, .ofs_y = 0},
    {.bitmap_index = 631, .adv_w = 160, .box_w = 10, .box_h = 13, .ofs_x = 0, .ofs_y = 0},
    {.bitmap_index = 682, .adv_w = 160, .box_w = 9, .box_h = 13, .ofs_x = 0, .ofs_y = 0},
    {.bitmap_index = 735, .adv_w = 160, .box_w = 10, .box_h = 13, .ofs_x = 0, .ofs_y = 0},
    {.bitmap_index = 781, .adv_w = 160, .box_w = 10, .box_h = 13, .ofs_x = 0, .ofs_y = 0},
    {.bitmap_index = 836, .adv_w = 160, .box_w = 9, .box_h = 13, .ofs_x = 1, .ofs_y = 0},
    {.bitmap_index = 891, .adv_w = 160, .box_w = 10, .box_h = 13, .ofs_x = 0, .ofs_y = 0},
    {.bitmap_index = 935, .adv_w = 160, .box_w = 10, .box_h = 13, .ofs_x = 0, .ofs_y = 0},
    {.bitmap_index = 999, .adv_w = 160, .box_w = 10, .box_h = 13, .ofs_x = 0, .ofs_y = 0},
    {.bitmap_index = 1060, .adv_w = 80, .box_w = 3, .box_h = 10, .ofs_x = 1, .ofs_y = 0},
    {.bitmap_index = 1073, .adv_w = 80, .box_w = 4, .box_h = 14, .ofs_x = 0, .ofs_y = -4},
    {.bitmap_index = 1098, .adv_w = 160, .box_w = 10, .box_h = 9, .ofs_x = 0, .ofs_y = 2},
    {.bitmap_index = 1137, .adv_w = 160, .box_w = 10, .box_h = 6, .ofs_x = 0, .ofs_y = 4},
    {.bitmap_index = 1154, .adv_w = 160, .box_w = 10, .box_h = 9, .ofs_x = 0, .ofs_y = 2},
    {.bitmap_index = 1193, .adv_w = 137, .box_w = 8, .box_h = 13, .ofs_x = 0, .ofs_y = 0},
    {.bitmap_index = 1237, .adv_w = 272, .box_w = 15, .box_h = 17, .ofs_x = 1, .ofs_y = -4},
    {.bitmap_index = 1358, .adv_w = 175, .box_w = 11, .box_h = 13, .ofs_x = 0, .ofs_y = 0},
    {.bitmap_index = 1416, .adv_w = 189, .box_w = 11, .box_h = 13, .ofs_x = 1, .ofs_y = 0},
    {.bitmap_index = 1474, .adv_w = 184, .box_w = 10, .box_h = 13, .ofs_x = 1, .ofs_y = 0},
    {.bitmap_index = 1527, .adv_w = 198, .box_w = 11, .box_h = 13, .ofs_x = 1, .ofs_y = 0},
    {.bitmap_index = 1580, .adv_w = 170, .box_w = 9, .box_h = 13, .ofs_x = 1, .ofs_y = 0},
    {.bitmap_index = 1615, .adv_w = 159, .box_w = 9, .box_h = 13, .ofs_x = 1, .ofs_y = 0},
    {.bitmap_index = 1645, .adv_w = 198, .box_w = 11, .box_h = 13, .ofs_x = 1, .ofs_y = 0},
    {.bitmap_index = 1708, .adv_w = 210, .box_w = 11, .box_h = 13, .ofs_x = 1, .ofs_y = 0},
    {.bitmap_index = 1733, .adv_w = 84, .box_w = 3, .box_h = 13, .ofs_x = 1, .ofs_y = 0},
    {.bitmap_index = 1738, .adv_w = 154, .box_w = 8, .box_h = 13, .ofs_x = 0, .ofs_y = 0},
    {.bitmap_index = 1757, .adv_w = 186, .box_w = 11, .box_h = 13, .ofs_x = 1, .ofs_y = 0},
    {.bitmap_index = 1810, .adv_w = 156, .box_w = 9, .box_h = 13, .ofs_x = 1, .ofs_y = 0},
    {.bitmap_index = 1824, .adv_w = 234, .box_w = 12, .box_h = 13, .ofs_x = 1, .ofs_y = 0},
    {.bitmap_index = 1885, .adv_w = 208, .box_w = 11, .box_h = 13, .ofs_x = 1, .ofs_y = 0},
    {.bitmap_index = 1931, .adv_w = 214, .box_w = 12, .box_h = 13, .ofs_x = 1, .ofs_y = 0},
    {.bitmap_index = 1999, .adv_w = 182, .box_w = 10, .box_h = 13, .ofs_x = 1, .ofs_y = 0},
    {.bitmap_index = 2042, .adv_w = 214, .box_w = 12, .box_h = 17, .ofs_x = 1, .ofs_y = -4},
    {.bitmap_index = 2129, .adv_w = 183, .box_w = 10, .box_h = 13, .ofs_x = 1, .ofs_y = 0},
    {.bitmap_index = 2183, .adv_w = 172, .box_w = 10, .box_h = 13, .ofs_x = 0, .ofs_y = 0},
    {.bitmap_index = 2242, .adv_w = 173, .box_w = 11, .box_h = 13, .ofs_x = 0, .ofs_y = 0},
    {.bitmap_index = 2262, .adv_w = 208, .box_w = 11, .box_h = 13, .ofs_x = 1, .ofs_y = 0},
    {.bitmap_index = 2297, .adv_w = 166, .box_w = 11, .box_h = 13, .ofs_x = 0, .ofs_y = 0},
    {.bitmap_index = 2358, .adv_w = 253, .box_w = 16, .box_h = 13, .ofs_x = 0, .ofs_y = 0},
    {.bitmap_index = 2457, .adv_w = 165, .box_w = 11, .box_h = 13, .ofs_x = 0, .ofs_y = 0},
    {.bitmap_index = 2520, .adv_w = 153, .box_w = 11, .box_h = 13, .ofs_x = -1, .ofs_y = 0},
    {.bitmap_index = 2564, .adv_w = 174, .box_w = 11, .box_h = 13, .ofs_x = 0, .ofs_y = 0},
    {.bitmap_index = 2614, .adv_w = 97, .box_w = 5, .box_h = 17, .ofs_x = 1, .ofs_y = -3},
    {.bitmap_index = 2624, .adv_w = 113, .box_w = 7, .box_h = 18, .ofs_x = 0, .ofs_y = -4},
    {.bitmap_index = 2671, .adv_w = 97, .box_w = 5, .box_h = 17, .ofs_x = 0, .ofs_y = -3},
    {.bitmap_index = 2681, .adv_w = 160, .box_w = 8, .box_h = 8, .ofs_x = 1, .ofs_y = 6},
    {.bitmap_index = 2713, .adv_w = 161, .box_w = 10, .box_h = 2, .ofs_x = 0, .ofs_y = -3},
    {.bitmap_index = 2719, .adv_w = 175, .box_w = 5, .box_h = 5, .ofs_x = 2, .ofs_y = 11},
    {.bitmap_index = 2732, .adv_w = 162, .box_w = 8, .box_h = 10, .ofs_x = 1, .ofs_y = 0},
    {.bitmap_index = 2771, .adv_w = 178, .box_w = 10, .box_h = 14, .ofs_x = 1, .ofs_y = 0},
    {.bitmap_index = 2817, .adv_w = 147, .box_w = 9, .box_h = 10, .ofs_x = 0, .ofs_y = 0},
    {.bitmap_index = 2854, .adv_w = 179, .box_w = 10, .box_h = 14, .ofs_x = 0, .ofs_y = 0},
    {.bitmap_index = 2899, .adv_w = 160, .box_w = 10, .box_h = 10, .ofs_x = 0, .ofs_y = 0},
    {.bitmap_index = 2944, .adv_w = 94, .box_w = 7, .box_h = 14, .ofs_x = 0, .ofs_y = 0},
    {.bitmap_index = 2972, .adv_w = 162, .box_w = 10, .box_h = 14, .ofs_x = 0, .ofs_y = -4},
    {.bitmap_index = 3039, .adv_w = 175, .box_w = 9, .box_h = 14, .ofs_x = 1, .ofs_y = 0},
    {.bitmap_index = 3066, .adv_w = 79, .box_w = 3, .box_h = 14, .ofs_x = 1, .ofs_y = 0},
    {.bitmap_index = 3077, .adv_w = 79, .box_w = 5, .box_h = 18, .ofs_x = -1, .ofs_y = -4},
    {.bitmap_index = 3100, .adv_w = 159, .box_w = 9, .box_h = 14, .ofs_x = 1, .ofs_y = 0},
    {.bitmap_index = 3140, .adv_w = 82, .box_w = 4, .box_h = 14, .ofs_x = 1, .ofs_y = 0},
    {.bitmap_index = 3149, .adv_w = 267, .box_w = 15, .box_h = 10, .ofs_x = 1, .ofs_y = 0},
    {.bitmap_index = 3186, .adv_w = 176, .box_w = 9, .box_h = 10, .ofs_x = 1, .ofs_y = 0},
    {.bitmap_index = 3209, .adv_w = 175, .box_w = 10, .box_h = 10, .ofs_x = 0, .ofs_y = 0},
    {.bitmap_index = 3253, .adv_w = 179, .box_w = 10, .box_h = 14, .ofs_x = 1, .ofs_y = -4},
    {.bitmap_index = 3304, .adv_w = 179, .box_w = 10, .box_h = 14, .ofs_x = 0, .ofs_y = -4},
    {.bitmap_index = 3352, .adv_w = 112, .box_w = 7, .box_h = 10, .ofs_x = 1, .ofs_y = 0},
    {.bitmap_index = 3370, .adv_w = 135, .box_w = 8, .box_h = 10, .ofs_x = 0, .ofs_y = 0},
    {.bitmap_index = 3409, .adv_w = 109, .box_w = 7, .box_h = 13, .ofs_x = 0, .ofs_y = 0},
    {.bitmap_index = 3441, .adv_w = 175, .box_w = 9, .box_h = 10, .ofs_x = 1, .ofs_y = 0},
    {.bitmap_index = 3465, .adv_w = 150, .box_w = 10, .box_h = 10, .ofs_x = 0, .ofs_y = 0},
    {.bitmap_index = 3511, .adv_w = 231, .box_w = 14, .box_h = 10, .ofs_x = 0, .ofs_y = 0},
    {.bitmap_index = 3581, .adv_w = 143, .box_w = 9, .box_h = 10, .ofs_x = 0, .ofs_y = 0},
    {.bitmap_index = 3623, .adv_w = 150, .box_w = 10, .box_h = 14, .ofs_x = 0, .ofs_y = -4},
    {.bitmap_index = 3682, .adv_w = 137, .box_w = 9, .box_h = 10, .ofs_x = 0, .ofs_y = 0},
    {.bitmap_index = 3720, .adv_w = 97, .box_w = 6, .box_h = 17, .ofs_x = 0, .ofs_y = -3},
    {.bitmap_index = 3760, .adv_w = 78, .box_w = 2, .box_h = 20, .ofs_x = 1, .ofs_y = -5},
    {.bitmap_index = 3765, .adv_w = 97, .box_w = 6, .box_h = 17, .ofs_x = 0, .ofs_y = -3},
    {.bitmap_index = 3803, .adv_w = 160, .box_w = 10, .box_h = 5, .ofs_x = 0, .ofs_y = 4},
    {.bitmap_index = 3825, .adv_w = 288, .box_w = 7, .box_h = 7, .ofs_x = 0, .ofs_y = -2},
    {.bitmap_index = 3844, .adv_w = 288, .box_w = 18, .box_h = 15, .ofs_x = 0, .ofs_y = -1},
    {.bitmap_index = 3918, .adv_w = 288, .box_w = 18, .box_h = 17, .ofs_x = 0, .ofs_y = -1},
    {.bitmap_index = 3987, .adv_w = 288, .box_w = 16, .box_h = 17, .ofs_x = 1, .ofs_y = -1},
    {.bitmap_index = 4042, .adv_w = 288, .box_w = 17, .box_h = 17, .ofs_x = 0, .ofs_y = -1},
    {.bitmap_index = 4115, .adv_w = 288, .box_w = 16, .box_h = 18, .ofs_x = 1, .ofs_y = -2},
    {.bitmap_index = 4215, .adv_w = 288, .box_w = 18, .box_h = 17, .ofs_x = 0, .ofs_y = -2},
    {.bitmap_index = 4333, .adv_w = 288, .box_w = 18, .box_h = 16, .ofs_x = 0, .ofs_y = -1},
    {.bitmap_index = 4422, .adv_w = 288, .box_w = 18, .box_h = 17, .ofs_x = 0, .ofs_y = -1},
    {.bitmap_index = 4515, .adv_w = 288, .box_w = 18, .box_h = 17, .ofs_x = 0, .ofs_y = -1},
    {.bitmap_index = 4625, .adv_w = 288, .box_w = 18, .box_h = 18, .ofs_x = 0, .ofs_y = -2},
    {.bitmap_index = 4722, .adv_w = 288, .box_w = 18, .box_h = 17, .ofs_x = 0, .ofs_y = -1},
    {.bitmap_index = 4846, .adv_w = 288, .box_w = 18, .box_h = 18, .ofs_x = 0, .ofs_y = -2},
    {.bitmap_index = 4982, .adv_w = 288, .box_w = 18, .box_h = 17, .ofs_x = 0, .ofs_y = -1},
    {.bitmap_index = 5114, .adv_w = 288, .box_w = 18, .box_h = 18, .ofs_x = 0, .ofs_y = -2},
    {.bitmap_index = 5216, .adv_w = 288, .box_w = 18, .box_h = 18, .ofs_x = 0, .ofs_y = -2},
    {.bitmap_index = 5325, .adv_w = 288, .box_w = 16, .box_h = 17, .ofs_x = 1, .ofs_y = -1},
    {.bitmap_index = 5405, .adv_w = 288, .box_w = 18, .box_h = 17, .ofs_x = 0, .ofs_y = -2},
    {.bitmap_index = 5520, .adv_w = 288, .box_w = 18, .box_h = 18, .ofs_x = 0, .ofs_y = -2},
    {.bitmap_index = 5648, .adv_w = 288, .box_w = 17, .box_h = 17, .ofs_x = 0, .ofs_y = -2},
    {.bitmap_index = 5769, .adv_w = 288, .box_w = 17, .box_h = 17, .ofs_x = 0, .ofs_y = -1},
    {.bitmap_index = 5893, .adv_w = 288, .box_w = 16, .box_h = 15, .ofs_x = 1, .ofs_y = -1},
    {.bitmap_index = 5971, .adv_w = 288, .box_w = 17, .box_h = 17, .ofs_x = 0, .ofs_y = -1},
    {.bitmap_index = 6076, .adv_w = 288, .box_w = 17, .box_h = 17, .ofs_x = 0, .ofs_y = -2},
    {.bitmap_index = 6189, .adv_w = 288, .box_w = 18, .box_h = 17, .ofs_x = 0, .ofs_y = -2},
    {.bitmap_index = 6313, .adv_w = 288, .box_w = 17, .box_h = 16, .ofs_x = 0, .ofs_y = -2},
    {.bitmap_index = 6381, .adv_w = 288, .box_w = 16, .box_h = 16, .ofs_x = 1, .ofs_y = -1},
    {.bitmap_index = 6454, .adv_w = 288, .box_w = 18, .box_h = 17, .ofs_x = 0, .ofs_y = -2},
    {.bitmap_index = 6548, .adv_w = 288, .box_w = 18, .box_h = 18, .ofs_x = 0, .ofs_y = -2},
    {.bitmap_index = 6653, .adv_w = 288, .box_w = 16, .box_h = 17, .ofs_x = 0, .ofs_y = -2},
    {.bitmap_index = 6736, .adv_w = 288, .box_w = 16, .box_h = 16, .ofs_x = 1, .ofs_y = -1},
    {.bitmap_index = 6792, .adv_w = 288, .box_w = 17, .box_h = 17, .ofs_x = 0, .ofs_y = -1},
    {.bitmap_index = 6878, .adv_w = 288, .box_w = 17, .box_h = 17, .ofs_x = 0, .ofs_y = -2},
    {.bitmap_index = 7001, .adv_w = 288, .box_w = 18, .box_h = 17, .ofs_x = 0, .ofs_y = -1},
    {.bitmap_index = 7110, .adv_w = 288, .box_w = 18, .box_h = 18, .ofs_x = 0, .ofs_y = -2},
    {.bitmap_index = 7234, .adv_w = 288, .box_w = 18, .box_h = 17, .ofs_x = 0, .ofs_y = -2},
    {.bitmap_index = 7354, .adv_w = 288, .box_w = 18, .box_h = 18, .ofs_x = 0, .ofs_y = -2},
    {.bitmap_index = 7466, .adv_w = 288, .box_w = 18, .box_h = 18, .ofs_x = 0, .ofs_y = -2},
    {.bitmap_index = 7574, .adv_w = 288, .box_w = 16, .box_h = 18, .ofs_x = 1, .ofs_y = -2},
    {.bitmap_index = 7683, .adv_w = 288, .box_w = 18, .box_h = 18, .ofs_x = 0, .ofs_y = -2},
    {.bitmap_index = 7790, .adv_w = 288, .box_w = 17, .box_h = 17, .ofs_x = 0, .ofs_y = -2},
    {.bitmap_index = 7902, .adv_w = 288, .box_w = 17, .box_h = 15, .ofs_x = 1, .ofs_y = -1},
    {.bitmap_index = 7968, .adv_w = 288, .box_w = 18, .box_h = 18, .ofs_x = 0, .ofs_y = -2},
    {.bitmap_index = 8089, .adv_w = 288, .box_w = 18, .box_h = 18, .ofs_x = 0, .ofs_y = -2},
    {.bitmap_index = 8218, .adv_w = 288, .box_w = 17, .box_h = 16, .ofs_x = 0, .ofs_y = -2},
    {.bitmap_index = 8297, .adv_w = 288, .box_w = 17, .box_h = 18, .ofs_x = 0, .ofs_y = -2},
    {.bitmap_index = 8412, .adv_w = 288, .box_w = 17, .box_h = 17, .ofs_x = 0, .ofs_y = -1},
    {.bitmap_index = 8511, .adv_w = 288, .box_w = 18, .box_h = 18, .ofs_x = 0, .ofs_y = -2},
    {.bitmap_index = 8646, .adv_w = 288, .box_w = 18, .box_h = 17, .ofs_x = 0, .ofs_y = -2},
    {.bitmap_index = 8732, .adv_w = 288, .box_w = 17, .box_h = 17, .ofs_x = 0, .ofs_y = -1},
    {.bitmap_index = 8826, .adv_w = 288, .box_w = 18, .box_h = 17, .ofs_x = 0, .ofs_y = -2},
    {.bitmap_index = 8953, .adv_w = 288, .box_w = 18, .box_h = 18, .ofs_x = 0, .ofs_y = -2},
    {.bitmap_index = 9086, .adv_w = 288, .box_w = 18, .box_h = 17, .ofs_x = 0, .ofs_y = -2},
    {.bitmap_index = 9220, .adv_w = 288, .box_w = 17, .box_h = 18, .ofs_x = 0, .ofs_y = -2},
    {.bitmap_index = 9347, .adv_w = 288, .box_w = 17, .box_h = 17, .ofs_x = 1, .ofs_y = -1},
    {.bitmap_index = 9456, .adv_w = 288, .box_w = 17, .box_h = 18, .ofs_x = 1, .ofs_y = -2},
    {.bitmap_index = 9575, .adv_w = 288, .box_w = 17, .box_h = 18, .ofs_x = 1, .ofs_y = -2},
    {.bitmap_index = 9694, .adv_w = 288, .box_w = 18, .box_h = 16, .ofs_x = 0, .ofs_y = -2},
    {.bitmap_index = 9789, .adv_w = 288, .box_w = 18, .box_h = 17, .ofs_x = 0, .ofs_y = -2},
    {.bitmap_index = 9890, .adv_w = 288, .box_w = 18, .box_h = 18, .ofs_x = 0, .ofs_y = -2},
    {.bitmap_index = 10011, .adv_w = 288, .box_w = 18, .box_h = 17, .ofs_x = 0, .ofs_y = -2},
    {.bitmap_index = 10131, .adv_w = 288, .box_w = 18, .box_h = 17, .ofs_x = 0, .ofs_y = -1},
    {.bitmap_index = 10229, .adv_w = 288, .box_w = 18, .box_h = 18, .ofs_x = 0, .ofs_y = -2},
    {.bitmap_index = 10359, .adv_w = 288, .box_w = 18, .box_h = 18, .ofs_x = 0, .ofs_y = -2},
    {.bitmap_index = 10496, .adv_w = 288, .box_w = 17, .box_h = 15, .ofs_x = 1, .ofs_y = -1},
    {.bitmap_index = 10552, .adv_w = 288, .box_w = 17, .box_h = 18, .ofs_x = 0, .ofs_y = -2},
    {.bitmap_index = 10662, .adv_w = 288, .box_w = 17, .box_h = 18, .ofs_x = 0, .ofs_y = -2},
    {.bitmap_index = 10781, .adv_w = 288, .box_w = 18, .box_h = 17, .ofs_x = 0, .ofs_y = -1},
    {.bitmap_index = 10895, .adv_w = 288, .box_w = 17, .box_h = 16, .ofs_x = 0, .ofs_y = -1},
    {.bitmap_index = 10986, .adv_w = 288, .box_w = 18, .box_h = 16, .ofs_x = 0, .ofs_y = -1},
    {.bitmap_index = 11101, .adv_w = 288, .box_w = 16, .box_h = 16, .ofs_x = 0, .ofs_y = -2},
    {.bitmap_index = 11188, .adv_w = 288, .box_w = 16, .box_h = 16, .ofs_x = 2, .ofs_y = -1},
    {.bitmap_index = 11271, .adv_w = 288, .box_w = 16, .box_h = 18, .ofs_x = 1, .ofs_y = -2},
    {.bitmap_index = 11385, .adv_w = 288, .box_w = 17, .box_h = 18, .ofs_x = 0, .ofs_y = -2},
    {.bitmap_index = 11492, .adv_w = 288, .box_w = 17, .box_h = 17, .ofs_x = 0, .ofs_y = -2},
    {.bitmap_index = 11610, .adv_w = 288, .box_w = 17, .box_h = 18, .ofs_x = 0, .ofs_y = -2},
    {.bitmap_index = 11746, .adv_w = 288, .box_w = 18, .box_h = 17, .ofs_x = 0, .ofs_y = -1},
    {.bitmap_index = 11869, .adv_w = 288, .box_w = 18, .box_h = 16, .ofs_x = 0, .ofs_y = -1},
    {.bitmap_index = 11976, .adv_w = 288, .box_w = 18, .box_h = 18, .ofs_x = 0, .ofs_y = -2},
    {.bitmap_index = 12099, .adv_w = 288, .box_w = 18, .box_h = 17, .ofs_x = 0, .ofs_y = -2},
    {.bitmap_index = 12233, .adv_w = 288, .box_w = 16, .box_h = 18, .ofs_x = 1, .ofs_y = -2},
    {.bitmap_index = 12362, .adv_w = 288, .box_w = 17, .box_h = 18, .ofs_x = 0, .ofs_y = -2},
    {.bitmap_index = 12489, .adv_w = 288, .box_w = 18, .box_h = 17, .ofs_x = 0, .ofs_y = -1},
    {.bitmap_index = 12617, .adv_w = 288, .box_w = 18, .box_h = 18, .ofs_x = 0, .ofs_y = -2},
    {.bitmap_index = 12761, .adv_w = 288, .box_w = 18, .box_h = 16, .ofs_x = 0, .ofs_y = -1},
    {.bitmap_index = 12895, .adv_w = 288, .box_w = 18, .box_h = 17, .ofs_x = 0, .ofs_y = -2},
    {.bitmap_index = 13038, .adv_w = 288, .box_w = 16, .box_h = 16, .ofs_x = 1, .ofs_y = -1},
    {.bitmap_index = 13139, .adv_w = 288, .box_w = 17, .box_h = 16, .ofs_x = 1, .ofs_y = -1},
    {.bitmap_index = 13238, .adv_w = 288, .box_w = 17, .box_h = 18, .ofs_x = 0, .ofs_y = -2},
    {.bitmap_index = 13347, .adv_w = 288, .box_w = 17, .box_h = 17, .ofs_x = 1, .ofs_y = -1},
    {.bitmap_index = 13476, .adv_w = 288, .box_w = 13, .box_h = 18, .ofs_x = 3, .ofs_y = -2},
    {.bitmap_index = 13545, .adv_w = 288, .box_w = 18, .box_h = 17, .ofs_x = 0, .ofs_y = -1},
    {.bitmap_index = 13662, .adv_w = 288, .box_w = 18, .box_h = 18, .ofs_x = 0, .ofs_y = -2},
    {.bitmap_index = 13800, .adv_w = 288, .box_w = 18, .box_h = 17, .ofs_x = 0, .ofs_y = -2},
    {.bitmap_index = 13906, .adv_w = 288, .box_w = 18, .box_h = 17, .ofs_x = 0, .ofs_y = -2},
    {.bitmap_index = 14032, .adv_w = 288, .box_w = 18, .box_h = 16, .ofs_x = 0, .ofs_y = -1},
    {.bitmap_index = 14127, .adv_w = 288, .box_w = 18, .box_h = 18, .ofs_x = 0, .ofs_y = -2},
    {.bitmap_index = 14248, .adv_w = 288, .box_w = 18, .box_h = 17, .ofs_x = 0, .ofs_y = -2},
    {.bitmap_index = 14367, .adv_w = 288, .box_w = 18, .box_h = 17, .ofs_x = 0, .ofs_y = -1},
    {.bitmap_index = 14484, .adv_w = 288, .box_w = 18, .box_h = 17, .ofs_x = 0, .ofs_y = -2},
    {.bitmap_index = 14609, .adv_w = 288, .box_w = 18, .box_h = 18, .ofs_x = 0, .ofs_y = -2},
    {.bitmap_index = 14757, .adv_w = 288, .box_w = 18, .box_h = 18, .ofs_x = 0, .ofs_y = -2},
    {.bitmap_index = 14873, .adv_w = 288, .box_w = 18, .box_h = 17, .ofs_x = 0, .ofs_y = -2},
    {.bitmap_index = 15007, .adv_w = 288, .box_w = 18, .box_h = 17, .ofs_x = 0, .ofs_y = -2},
    {.bitmap_index = 15118, .adv_w = 288, .box_w = 18, .box_h = 18, .ofs_x = 0, .ofs_y = -2},
    {.bitmap_index = 15247, .adv_w = 288, .box_w = 18, .box_h = 18, .ofs_x = 0, .ofs_y = -2},
    {.bitmap_index = 15379, .adv_w = 288, .box_w = 18, .box_h = 17, .ofs_x = 0, .ofs_y = -2},
    {.bitmap_index = 15512, .adv_w = 288, .box_w = 17, .box_h = 17, .ofs_x = 1, .ofs_y = -2},
    {.bitmap_index = 15622, .adv_w = 288, .box_w = 17, .box_h = 18, .ofs_x = 0, .ofs_y = -2},
    {.bitmap_index = 15732, .adv_w = 288, .box_w = 18, .box_h = 17, .ofs_x = 0, .ofs_y = -2},
    {.bitmap_index = 15864, .adv_w = 288, .box_w = 18, .box_h = 16, .ofs_x = 0, .ofs_y = -1},
    {.bitmap_index = 15959, .adv_w = 288, .box_w = 17, .box_h = 17, .ofs_x = 0, .ofs_y = -1},
    {.bitmap_index = 16067, .adv_w = 288, .box_w = 18, .box_h = 18, .ofs_x = 0, .ofs_y = -2},
    {.bitmap_index = 16196, .adv_w = 288, .box_w = 18, .box_h = 18, .ofs_x = 0, .ofs_y = -2},
    {.bitmap_index = 16348, .adv_w = 288, .box_w = 17, .box_h = 18, .ofs_x = 1, .ofs_y = -2},
    {.bitmap_index = 16450, .adv_w = 288, .box_w = 16, .box_h = 17, .ofs_x = 1, .ofs_y = -2},
    {.bitmap_index = 16546, .adv_w = 288, .box_w = 16, .box_h = 16, .ofs_x = 1, .ofs_y = -1},
    {.bitmap_index = 16640, .adv_w = 288, .box_w = 17, .box_h = 17, .ofs_x = 1, .ofs_y = -2},
    {.bitmap_index = 16754, .adv_w = 288, .box_w = 17, .box_h = 18, .ofs_x = 1, .ofs_y = -2},
    {.bitmap_index = 16883, .adv_w = 288, .box_w = 18, .box_h = 18, .ofs_x = 0, .ofs_y = -2},
    {.bitmap_index = 16978, .adv_w = 288, .box_w = 16, .box_h = 17, .ofs_x = 1, .ofs_y = -2},
    {.bitmap_index = 17067, .adv_w = 288, .box_w = 18, .box_h = 18, .ofs_x = 0, .ofs_y = -2},
    {.bitmap_index = 17205, .adv_w = 288, .box_w = 18, .box_h = 17, .ofs_x = 0, .ofs_y = -2},
    {.bitmap_index = 17339, .adv_w = 288, .box_w = 18, .box_h = 17, .ofs_x = 0, .ofs_y = -2},
    {.bitmap_index = 17453, .adv_w = 288, .box_w = 18, .box_h = 18, .ofs_x = 0, .ofs_y = -2},
    {.bitmap_index = 17598, .adv_w = 288, .box_w = 18, .box_h = 18, .ofs_x = 0, .ofs_y = -2},
    {.bitmap_index = 17721, .adv_w = 288, .box_w = 19, .box_h = 18, .ofs_x = 0, .ofs_y = -2},
    {.bitmap_index = 17857, .adv_w = 288, .box_w = 18, .box_h = 19, .ofs_x = 0, .ofs_y = -3},
    {.bitmap_index = 17990, .adv_w = 288, .box_w = 18, .box_h = 19, .ofs_x = 0, .ofs_y = -3},
    {.bitmap_index = 18082, .adv_w = 324, .box_w = 21, .box_h = 18, .ofs_x = 0, .ofs_y = -2},
    {.bitmap_index = 18217, .adv_w = 198, .box_w = 13, .box_h = 19, .ofs_x = 0, .ofs_y = -3},
    {.bitmap_index = 18306, .adv_w = 324, .box_w = 21, .box_h = 14, .ofs_x = 0, .ofs_y = 0},
    {.bitmap_index = 18436, .adv_w = 252, .box_w = 16, .box_h = 10, .ofs_x = 0, .ofs_y = 2},
    {.bitmap_index = 18499, .adv_w = 252, .box_w = 16, .box_h = 10, .ofs_x = 0, .ofs_y = 2},
    {.bitmap_index = 18565, .adv_w = 252, .box_w = 16, .box_h = 19, .ofs_x = 0, .ofs_y = -3},
    {.bitmap_index = 18658, .adv_w = 216, .box_w = 14, .box_h = 19, .ofs_x = 0, .ofs_y = -3},
    {.bitmap_index = 18703, .adv_w = 360, .box_w = 23, .box_h = 12, .ofs_x = 0, .ofs_y = 1},
    {.bitmap_index = 18771, .adv_w = 360, .box_w = 23, .box_h = 12, .ofs_x = 0, .ofs_y = 1},
    {.bitmap_index = 18840, .adv_w = 360, .box_w = 23, .box_h = 12, .ofs_x = 0, .ofs_y = 1},
    {.bitmap_index = 18909, .adv_w = 360, .box_w = 23, .box_h = 12, .ofs_x = 0, .ofs_y = 1},
    {.bitmap_index = 18979, .adv_w = 360, .box_w = 23, .box_h = 12, .ofs_x = 0, .ofs_y = 1},
    {.bitmap_index = 19041, .adv_w = 360, .box_w = 23, .box_h = 15, .ofs_x = 0, .ofs_y = -1},
    {.bitmap_index = 19153, .adv_w = 288, .box_w = 4, .box_h = 8, .ofs_x = 2, .ofs_y = -3},
    {.bitmap_index = 19170, .adv_w = 288, .box_w = 3, .box_h = 13, .ofs_x = 3, .ofs_y = -1}
};

/*---------------------
 *  CHARACTER MAPPING
 *--------------------*/

static const uint16_t unicode_list_1[] = {
    0x0, 0x1e0c, 0x1e29, 0x1e2c, 0x1e3a, 0x1ead, 0x1ecd, 0x1ef5,
    0x1f5b, 0x1fdc, 0x1fe0, 0x1fed, 0x20a7, 0x20ce, 0x214a, 0x2172,
    0x2184, 0x2205, 0x22a0, 0x22a7, 0x22fe, 0x2338, 0x2377, 0x239e,
    0x23d5, 0x23ee, 0x240b, 0x2425, 0x242a, 0x242e, 0x26dd, 0x2727,
    0x2739, 0x278a, 0x2903, 0x2906, 0x2930, 0x2b57, 0x2b88, 0x2b8b,
    0x2c4e, 0x2df1, 0x2e93, 0x2ea5, 0x2eff, 0x2f84, 0x306e, 0x320f,
    0x3252, 0x32d1, 0x32e8, 0x3308, 0x33a4, 0x33d1, 0x3535, 0x3538,
    0x35ac, 0x35df, 0x362e, 0x3681, 0x370c, 0x3729, 0x3742, 0x3837,
    0x3b62, 0x3b64, 0x3d87, 0x3e04, 0x4258, 0x4405, 0x4527, 0x4534,
    0x4558, 0x47e4, 0x4800, 0x486d, 0x49d1, 0x4a0a, 0x4b48, 0x4c7a,
    0x4cfa, 0x4d1f, 0x4edc, 0x4ede, 0x4ee6, 0x4eec, 0x4f50, 0x4f6d,
    0x5004, 0x50fc, 0x51e9, 0x54dc, 0x58c4, 0x5ba3, 0x5bbd, 0x5bc0,
    0x5bd4, 0x5bee, 0x5bf6, 0x5d24, 0x5f7c, 0x5fd0, 0x5fd3, 0x5fdb,
    0x5fdd, 0x6008, 0x6019, 0x614c, 0x61cc, 0x61cd, 0x61ce, 0x649e,
    0x6518, 0x652d, 0x657e, 0x65e9, 0x65ec, 0x664f, 0x6663, 0x67f2,
    0x6874, 0x6890, 0x6897, 0x68cd, 0x6a8b, 0x6ea5, 0xc010, 0xc012,
    0xc018, 0xc027, 0xc042, 0xc06d, 0xc076, 0xc077, 0xc0f2, 0xc15a,
    0xc23f, 0xc240, 0xc241, 0xc242, 0xc243, 0xc286, 0xcf0b, 0xcf19
};

/*Collect the unicode lists and glyph_id offsets*/
static const lv_font_fmt_txt_cmap_t cmaps[] =
{
    {
        .range_start = 32, .range_length = 95, .glyph_id_start = 1,
        .unicode_list = NULL, .glyph_id_ofs_list = NULL, .list_length = 0, .type = LV_FONT_FMT_TXT_CMAP_FORMAT0_TINY
    },
    {
        .range_start = 12289, .range_length = 53018, .glyph_id_start = 96,
        .unicode_list = unicode_list_1, .glyph_id_ofs_list = NULL, .list_length = 144, .type = LV_FONT_FMT_TXT_CMAP_SPARSE_TINY
    }
};

/*-----------------
 *    KERNING
 *----------------*/


/*Map glyph_ids to kern left classes*/
static const uint8_t kern_left_class_mapping[] =
{
    0, 0, 0, 1, 0, 0, 0, 0,
    1, 2, 0, 0, 0, 3, 4, 3,
    5, 0, 0, 0, 0, 0, 0, 0,
    0, 0, 0, 6, 6, 0, 0, 0,
    0, 0, 7, 8, 9, 10, 11, 12,
    13, 0, 0, 14, 15, 16, 0, 0,
    10, 17, 10, 18, 19, 20, 21, 22,
    23, 24, 25, 26, 2, 27, 0, 0,
    0, 0, 28, 29, 30, 0, 31, 32,
    33, 34, 0, 0, 35, 36, 34, 34,
    29, 29, 37, 38, 39, 40, 37, 41,
    42, 43, 44, 45, 2, 0, 0, 0,
    0, 0, 0, 0, 0, 0, 0, 0,
    0, 0, 0, 0, 0, 0, 0, 0,
    0, 0, 0, 0, 0, 0, 0, 0,
    0, 0, 0, 0, 0, 0, 0, 0,
    0, 0, 0, 0, 0, 0, 0, 0,
    0, 0, 0, 0, 0, 0, 0, 0,
    0, 0, 0, 0, 0, 0, 0, 0,
    0, 0, 0, 0, 0, 0, 0, 0,
    0, 0, 0, 0, 0, 0, 0, 0,
    0, 0, 0, 0, 0, 0, 0, 0,
    0, 0, 0, 0, 0, 0, 0, 0,
    0, 0, 0, 0, 0, 0, 0, 0,
    0, 0, 0, 0, 0, 0, 0, 0,
    0, 0, 0, 0, 0, 0, 0, 0,
    0, 0, 0, 0, 0, 0, 0, 0,
    0, 0, 0, 0, 0, 0, 0, 0,
    0, 0, 0, 0, 0, 0, 0, 0,
    0, 0, 0, 0, 0, 0, 0, 0
};

/*Map glyph_ids to kern right classes*/
static const uint8_t kern_right_class_mapping[] =
{
    0, 0, 1, 2, 0, 0, 0, 0,
    2, 0, 3, 4, 0, 5, 6, 7,
    8, 0, 0, 0, 0, 0, 0, 0,
    0, 0, 0, 9, 10, 0, 0, 0,
    11, 0, 12, 0, 13, 0, 0, 0,
    13, 0, 0, 14, 0, 0, 0, 0,
    13, 0, 13, 0, 15, 16, 17, 18,
    19, 20, 21, 22, 0, 23, 3, 0,
    0, 0, 24, 0, 25, 25, 25, 26,
    27, 0, 28, 29, 0, 0, 30, 30,
    25, 30, 25, 30, 31, 32, 33, 34,
    35, 36, 37, 38, 0, 0, 3, 0,
    0, 0, 0, 0, 0, 0, 0, 0,
    0, 0, 0, 0, 0, 0, 0, 0,
    0, 0, 0, 0, 0, 0, 0, 0,
    0, 0, 0, 0, 0, 0, 0, 0,
    0, 0, 0, 0, 0, 0, 0, 0,
    0, 0, 0, 0, 0, 0, 0, 0,
    0, 0, 0, 0, 0, 0, 0, 0,
    0, 0, 0, 0, 0, 0, 0, 0,
    0, 0, 0, 0, 0, 0, 0, 0,
    0, 0, 0, 0, 0, 0, 0, 0,
    0, 0, 0, 0, 0, 0, 0, 0,
    0, 0, 0, 0, 0, 0, 0, 0,
    0, 0, 0, 0, 0, 0, 0, 0,
    0, 0, 0, 0, 0, 0, 0, 0,
    0, 0, 0, 0, 0, 0, 0, 0,
    0, 0, 0, 0, 0, 0, 0, 0,
    0, 0, 0, 0, 0, 0, 0, 0,
    0, 0, 0, 0, 0, 0, 0, 0
};

/*Kern values between classes*/
static const int8_t kern_class_values[] =
{
    0, 0, 0, 0, -38, 0, -38, 0,
    0, 0, 0, -18, 0, -31, -4, 0,
    0, 0, 0, -4, 0, 0, 0, 0,
    -11, 0, 0, 0, 0, 0, -7, 0,
    0, 0, 0, 0, 0, 0, 0, 0,
    0, 0, 0, 0, 0, 0, 0, 0,
    0, 0, 0, -7, 0, 0, 0, 0,
    0, 0, 0, 0, 0, 0, 0, 0,
    0, 0, 25, 0, 0, 0, 0, 0,
    0, 0, 0, 0, 0, -31, 0, -45,
    0, 0, 0, 0, 0, 0, 0, 0,
    0, 0, 0, -33, -7, -22, -12, 0,
    -31, 0, 0, 0, -5, 0, 0, 0,
    7, 0, 0, -16, 0, -12, -8, 0,
    -7, 0, 0, 0, 0, 0, 0, 0,
    0, 0, 0, 0, 0, 0, 0, -7,
    -6, -16, 0, -7, -4, -10, -22, -7,
    0, 0, 0, 0, 0, 0, 0, 0,
    0, -9, 0, -3, 0, -5, 0, 0,
    0, 0, 0, 0, 0, 0, 0, 0,
    0, 0, 0, -14, -4, -26, 0, 0,
    0, 0, 0, 0, 0, 0, 0, -8,
    -11, 0, -4, 7, 7, 0, 0, 2,
    -7, 0, 0, 0, 0, 0, 0, 0,
    0, -17, 0, 0, 0, 0, 0, 0,
    0, 0, 0, 0, 0, 0, 0, 0,
    0, 0, -9, 0, 0, 0, 0, 0,
    0, 0, 0, 0, 0, 0, 0, 0,
    0, 0, 0, 0, 0, -18, 0, -31,
    0, 0, 0, 0, 0, 0, -9, -3,
    -4, 0, 0, -18, -6, -5, 0, 1,
    -5, -3, -14, 7, 0, -4, 0, 0,
    0, 0, 7, -5, -3, -3, -2, -2,
    -3, 0, 0, 0, 0, -11, 0, 0,
    0, 0, 0, 0, 0, 0, 0, -6,
    -5, -8, 0, -3, -2, -2, -5, -2,
    0, 0, 0, 0, 0, 0, 0, 0,
    0, -4, 0, -5, -4, -4, -5, 0,
    0, 0, 0, 0, 0, -9, 0, 0,
    0, 0, 0, 0, -10, -4, -8, -6,
    -5, -2, -2, -2, -3, -4, 0, 0,
    0, 0, -7, 0, 0, 0, 0, -10,
    -4, -5, -4, 0, -5, 0, 0, 0,
    0, -12, 0, 0, 0, -6, 0, 0,
    0, -4, 0, -14, 0, -8, 0, -4,
    -3, -6, -7, -7, 0, 0, 0, 0,
    0, 0, 0, 0, 0, 0, 0, 0,
    0, -5, 0, -3, 0, 0, 0, 0,
    0, 0, 0, 0, 0, 0, 0, 0,
    0, 0, 0, 0, 0, 0, 0, 0,
    0, 0, 0, 0, -4, 0, 0, 0,
    0, 0, 0, -8, 0, -4, 0, -11,
    -4, 0, 0, 0, 0, 0, -24, 0,
    -24, -24, 0, 0, 0, -13, -4, -46,
    -7, 0, 0, 1, 1, -8, 0, -11,
    0, -12, -5, 0, -8, 0, 0, -7,
    -7, -4, -6, -7, -6, -9, -6, -10,
    0, 0, 0, -10, 0, 0, 0, 0,
    0, 0, 0, -2, 0, 0, 0, -7,
    0, -5, -2, 0, 0, 0, 0, 0,
    0, 0, 0, 0, 0, 0, 0, 0,
    0, 0, 0, 0, 0, 0, 0, 0,
    0, 0, -8, 0, -8, 0, 0, 0,
    0, 0, 0, -14, 0, 0, 0, 0,
    0, 0, 0, 0, 0, 0, 0, 0,
    0, 0, 0, 0, 0, 0, 0, 0,
    0, 0, 0, 0, 0, -7, 0, -14,
    0, -10, 0, 0, 0, 0, -3, -4,
    -7, 0, -3, -6, -5, -5, -4, 0,
    -6, 0, 0, 0, -3, 0, 0, 0,
    -4, 0, 0, -12, -5, -7, -6, -6,
    -7, -5, 0, -29, 0, -50, 0, -18,
    0, 0, 0, 0, -11, 0, -9, 0,
    -8, -39, -10, -25, -19, 0, -25, 0,
    -26, 0, -5, -5, -2, 0, 0, 0,
    0, -7, -4, -12, -12, 0, -12, 0,
    0, 0, 0, 0, -37, -12, -37, -26,
    0, 0, 0, -17, 0, -48, -4, -9,
    0, 0, 0, -8, -4, -27, 0, -15,
    -9, 0, -11, 0, 0, 0, -4, 0,
    0, 0, 0, -5, 0, -7, 0, 0,
    0, -4, 0, -10, 0, 0, 0, 0,
    0, -2, 0, -6, -5, -5, 0, 1,
    1, -2, -1, -4, 0, -2, -4, 0,
    -2, 0, 0, 0, 0, 0, 0, 0,
    0, -3, 0, -3, 0, 0, 0, -6,
    0, 4, 0, 0, 0, 0, 0, 0,
    0, -5, -5, -7, 0, 0, 0, 0,
    -5, 0, 0, 0, 0, 0, 0, 0,
    0, 0, 0, -8, 0, 0, 0, 0,
    0, -1, 0, 0, 0, 0, -35, -24,
    -35, -30, -7, -7, 0, -14, -8, -42,
    -14, 0, 0, 0, 0, -7, -5, -18,
    0, -24, -22, -6, -24, 0, 0, -16,
    -20, -6, -16, -12, -12, -14, -12, -25,
    0, 0, 0, 0, -6, 0, -6, -11,
    0, 0, 0, -6, 0, -16, -4, 0,
    0, -2, 0, -4, -5, 0, 0, -2,
    0, 0, -4, 0, 0, 0, -2, 0,
    0, 0, 0, -3, 0, 0, 0, 0,
    0, 0, -22, -7, -22, -16, 0, 0,
    0, -5, -4, -24, -4, 0, -4, 2,
    0, 0, 0, -7, 0, -8, -5, 0,
    -8, 0, 0, -7, -5, 0, -11, -4,
    -4, -5, -4, -9, 0, 0, 0, 0,
    -12, -4, -12, -11, 0, 0, 0, 0,
    -3, -22, -3, 0, 0, 0, 0, 0,
    0, -3, 0, -6, 0, 0, -5, 0,
    0, 0, 0, 0, 0, 0, 0, 0,
    0, -4, 0, -4, 0, -4, 0, -10,
    0, 0, 0, 0, 0, 0, -6, -1,
    -5, -7, -4, 0, 0, 0, 0, 0,
    0, -4, -3, -6, 0, 0, 0, 0,
    0, -6, -4, -6, -5, -4, -6, -5,
    0, 0, 0, 0, -30, -22, -30, -22,
    -9, -9, -3, -5, -5, -33, -6, -5,
    -4, 0, 0, 0, 0, -9, 0, -22,
    -14, 0, -20, 0, 0, -14, -14, -10,
    -12, -5, -8, -12, -5, -16, 0, 0,
    0, 0, 0, -12, 0, 0, 0, 0,
    0, -3, -7, -12, -11, 0, -4, -3,
    -3, 0, -5, -6, 0, -6, -8, -7,
    -5, 0, 0, 0, 0, -5, -8, -6,
    -6, -8, -6, 0, 0, 0, 0, 0,
    0, 0, 0, 0, 0, 0, 0, 0,
    0, 0, 0, -29, -11, -18, -11, 0,
    -24, 0, 0, 0, 0, 0, 10, 0,
    23, 0, 0, 0, 0, -7, -4, 0,
    3, 0, 0, 0, 0, -18, 0, 0,
    0, 0, 0, 0, -5, 0, 0, 0,
    0, -8, 0, -6, -2, 0, -8, 0,
    0, 0, 0, 0, 0, 0, 0, 0,
    0, -5, 0, 0, 0, 0, 0, 0,
    0, -11, 0, -9, -4, 1, -4, 0,
    0, 0, -5, 0, 0, 0, 0, -19,
    0, -7, 0, -2, -16, 0, -9, -5,
    0, -1, 0, 0, 0, 0, -1, -6,
    0, -2, -2, -6, -2, -3, 0, 0,
    0, 0, 0, -7, 0, 0, 0, 0,
    0, 0, 0, 0, 0, -7, 0, -5,
    0, 0, -8, 0, 0, -4, -8, 0,
    -4, 0, 0, 0, 0, -4, 0, 1,
    1, 2, 1, 0, 0, 0, 0, -12,
    0, 2, 0, 0, 0, 0, -3, 0,
    0, -7, -7, -8, 0, -6, -4, 0,
    -9, 0, -7, -5, 0, -1, -4, 0,
    0, 0, 0, -4, 0, 1, 1, -3,
    1, -1, 4, 12, 15, 0, -17, -5,
    -17, -5, 0, 0, 8, 0, 0, 0,
    0, 14, 0, 21, 14, 10, 18, 0,
    19, -7, -4, 0, -5, 0, -4, 0,
    -2, 0, 0, 3, 0, -2, 0, -5,
    0, 0, 4, -12, 0, 0, 0, 15,
    0, 0, -12, 0, 0, 0, 0, -9,
    0, 0, 0, 0, -5, 0, 0, -6,
    -5, 0, 0, 0, 11, 0, 0, 0,
    0, -2, -2, 0, 4, -5, 0, 0,
    0, -12, 0, 0, 0, 0, 0, 0,
    -3, 0, 0, 0, 0, -8, 0, -4,
    0, 0, -6, 0, 0, 0, 0, 0,
    0, 0, 0, 0, 0, 0, 0, 0,
    0, 0, 0, 0, 0, 0, 0, -8,
    3, -14, 3, 0, 3, 3, -5, 0,
    0, 0, 0, -12, 0, 0, 0, 0,
    -4, 0, 0, -4, -7, 0, -4, 0,
    -4, 0, 0, -7, -5, 0, 0, -3,
    0, -3, 0, 0, 0, 0, 0, 0,
    0, 0, 0, 0, 0, 0, 0, 0,
    0, 0, 0, 0, 0, 0, 0, 0,
    0, 0, 0, 0, 0, 0, 2, 0,
    0, 0, 0, 0, 0, 0, 0, 0,
    0, 0, 0, -9, 0, 0, 0, 0,
    0, 0, 0, 0, 0, 0, 0, -7,
    0, -5, 0, 0, -11, 0, 0, 0,
    0, 0, 0, 0, 0, 0, 0, 0,
    0, 0, 0, 0, 0, 0, 0, 0,
    0, 0, -18, -8, -18, -12, 7, 7,
    0, -5, 0, -18, 0, 0, 0, 0,
    0, 0, 0, -4, 3, -8, -4, 0,
    -4, 0, 0, 0, -2, 0, 0, 7,
    5, 0, 7, -2, 0, 0, 0, -17,
    0, 2, 0, 0, 0, 0, -4, 0,
    0, 0, 0, -8, 0, -4, 0, 0,
    -7, 0, 0, 0, 0, 0, 0, 0,
    0, 0, 0, -7, 0, 0, 0, 0,
    0, 0, 0, 0, 0, 0, 1, -9,
    1, 2, 4, 4, -9, 0, 0, 0,
    0, -5, 0, 0, 0, 0, -2, 0,
    0, -8, -5, 0, -4, 0, 0, 0,
    -4, -7, 0, 0, 0, -6, 0, 0,
    0, 0, 0, -5, -12, -3, -12, -7,
    0, 0, 0, -4, 0, -14, 0, -7,
    0, -4, 0, 0, -5, -4, 0, -7,
    -2, 0, 0, 0, -4, 0, 0, 0,
    0, 0, 0, 0, 0, -8, 0, 0,
    0, -5, -13, 0, -13, -3, 0, 0,
    0, -2, 0, -11, 0, -8, 0, -4,
    0, -5, -8, 0, 0, -4, -2, 0,
    0, 0, -4, 0, 0, 0, 0, 0,
    0, 0, 0, -6, -5, 0, 0, -8,
    1, -5, -3, 0, 0, 1, 0, 0,
    -4, 0, -2, -12, 0, -5, 0, -4,
    -12, 0, 0, -4, -6, 0, 0, 0,
    0, 0, 0, -8, 0, 0, 0, 0,
    -1, 0, 0, 0, 0, 0, -12, 0,
    -12, -5, 0, 0, 0, 0, 0, -14,
    0, -7, 0, -2, 0, -2, -3, 0,
    0, -7, -2, 0, 0, 0, -4, 0,
    0, 0, 0, 0, 0, -5, 0, -8,
    0, 0, 0, 0, 0, -6, 0, 0,
    0, 0, 0, 0, 0, 0, 0, -9,
    0, 0, 0, 0, -11, 0, 0, -8,
    -4, 0, -3, 0, 0, 0, 0, 0,
    -4, -2, 0, 0, -2, 0
};


/*Collect the kern class' data in one place*/
static const lv_font_fmt_txt_kern_classes_t kern_classes =
{
    .class_pair_values   = kern_class_values,
    .left_class_mapping  = kern_left_class_mapping,
    .right_class_mapping = kern_right_class_mapping,
    .left_class_cnt      = 45,
    .right_class_cnt     = 38,
};

/*--------------------
 *  ALL CUSTOM DATA
 *--------------------*/

#if LVGL_VERSION_MAJOR == 8
/*Store all the custom data of the font*/
static  lv_font_fmt_txt_glyph_cache_t cache;
#endif

#if LVGL_VERSION_MAJOR >= 8
static const lv_font_fmt_txt_dsc_t font_dsc = {
#else
static lv_font_fmt_txt_dsc_t font_dsc = {
#endif
    .glyph_bitmap = glyph_bitmap,
    .glyph_dsc = glyph_dsc,
    .cmaps = cmaps,
    .kern_dsc = &kern_classes,
    .kern_scale = 16,
    .cmap_num = 2,
    .bpp = 4,
    .kern_classes = 1,
    .bitmap_format = 1,
#if LVGL_VERSION_MAJOR == 8
    .cache = &cache
#endif
};



/*-----------------
 *  PUBLIC FONT
 *----------------*/

/*Initialize a public general font descriptor*/
#if LVGL_VERSION_MAJOR >= 8
const lv_font_t ui_font_zh_18 = {
#else
lv_font_t ui_font_zh_18 = {
#endif
    .get_glyph_dsc = lv_font_get_glyph_dsc_fmt_txt,    /*Function pointer to get glyph's data*/
    .get_glyph_bitmap = lv_font_get_bitmap_fmt_txt,    /*Function pointer to get glyph's bitmap*/
    .line_height = 21,          /*The maximum line height required by the font*/
    .base_line = 5,             /*Baseline measured from the bottom of the line*/
#if !(LVGL_VERSION_MAJOR == 6 && LVGL_VERSION_MINOR == 0)
    .subpx = LV_FONT_SUBPX_NONE,
#endif
#if LV_VERSION_CHECK(7, 4, 0) || LVGL_VERSION_MAJOR >= 8
    .underline_position = -2,
    .underline_thickness = 1,
#endif
    .dsc = &font_dsc,          /*The custom font data. Will be accessed by `get_glyph_bitmap/dsc` */
#if LV_VERSION_CHECK(8, 2, 0) || LVGL_VERSION_MAJOR >= 9
    .fallback = NULL,
#endif
    .user_data = NULL,
};



#endif /*#if UI_FONT_ZH_18*/
